,DATE,LATITUDE_F,LONGITUDE_F,LATITUDE_W,LONGITUDE_W,FIRE_SIZE,FIRE_SIZE_CLASS,STAT_CAUSE_DESCR,T,TMAX,TMIN,PREC,RH2M,PS,WS10M_MIN,WS10M_MAX,WS10M
0,2013-07-20,40.80833333,-123.0547222,35.25,-113.75,0.2,A,Miscellaneous,25.26,30.8,21.67,7.09,63.0,87.62,0.35,4.26,2.16
1,2013-07-17,34.20083333,-117.35,35.25,-113.75,0.25,A,Miscellaneous,27.64,33.14,21.85,0.96,42.3,88.02,0.47,4.54,2.51
2,2013-07-26,40.4025,-123.2075,35.25,-113.75,0.1,A,Miscellaneous,25.55,30.72,22.16,3.67,60.42,88.16,1.33,4.63,2.75
3,2013-07-31,41.31916667,-123.17305559999998,35.25,-113.75,2420.0,F,Miscellaneous,28.05,34.83,21.3,0.0,31.96,88.07,2.06,7.41,4.41
4,2013-07-26,39.76833333,-120.5133333,35.25,-113.75,0.1,A,Miscellaneous,25.55,30.72,22.16,3.67,60.42,88.16,1.33,4.63,2.75
5,2013-07-26,34.30555556,-117.5138889,35.25,-113.75,0.1,A,Miscellaneous,25.55,30.72,22.16,3.67,60.42,88.16,1.33,4.63,2.75
6,2013-07-20,36.46972222,-118.1744444,35.25,-113.75,0.25,A,Miscellaneous,25.26,30.8,21.67,7.09,63.0,87.62,0.35,4.26,2.16
7,2013-07-31,41.30777778,-123.20416670000002,35.25,-113.75,3.0,B,Miscellaneous,28.05,34.83,21.3,0.0,31.96,88.07,2.06,7.41,4.41
8,2013-07-02,34.19166667,-117.1875,35.25,-113.75,8.0,B,Miscellaneous,30.87,37.71,23.79,0.25,21.78,87.76,1.91,7.48,4.38
9,2013-07-16,40.79583333,-122.7688889,35.25,-113.75,0.1,A,Miscellaneous,28.06,33.9,21.94,1.65,37.13,87.7,2.66,7.6,5.02
10,2013-07-08,38.77444444,-120.2975,35.25,-113.75,572.0,E,Miscellaneous,31.8,39.35,23.15,0.0,17.06,87.77,1.35,6.75,4.22
11,2013-07-23,40.99527778,-122.6986111,35.25,-113.75,0.1,A,Miscellaneous,26.57,31.51,20.9,1.14,48.26,87.85,0.59,2.7,1.84
12,2013-07-24,37.13083333,-119.3963889,35.25,-113.75,0.5,B,Miscellaneous,29.4,35.24,22.3,0.91,38.44,87.73,1.04,2.63,1.67
13,2013-07-14,40.89555556,-123.5672222,35.25,-113.75,0.1,A,Miscellaneous,29.59,34.69,23.69,1.48,32.98,87.75,0.26,3.42,1.77
14,2013-07-08,40.40888889,-123.2436111,35.25,-113.75,0.1,A,Miscellaneous,31.8,39.35,23.15,0.0,17.06,87.77,1.35,6.75,4.22
15,2013-07-23,39.67194444,-120.2325,35.25,-113.75,0.1,A,Miscellaneous,26.57,31.51,20.9,1.14,48.26,87.85,0.59,2.7,1.84
16,2013-07-21,34.30666667,-118.3772222,35.25,-113.75,0.25,A,Miscellaneous,23.26,26.17,20.31,1.84,73.61,87.68,0.87,3.42,2.26
17,2013-07-20,34.29583333,-117.475,35.25,-113.75,0.1,A,Miscellaneous,25.26,30.8,21.67,7.09,63.0,87.62,0.35,4.26,2.16
18,2013-07-13,40.85083333,-122.8502778,35.25,-113.75,0.1,A,Miscellaneous,28.38,34.09,20.5,1.55,37.96,87.8,1.16,3.32,2.25
19,2013-07-07,34.31472222,-118.3827778,35.25,-113.75,0.1,A,Miscellaneous,30.9,38.44,22.47,0.05,22.69,87.46,1.85,6.71,4.01
20,2013-07-10,40.6475,-121.46,35.25,-113.75,0.2,A,Miscellaneous,28.47,34.62,22.04,0.11,29.37,87.85,0.53,5.37,2.54
21,2013-07-30,40.42444444,-123.4988889,35.25,-113.75,2.0,B,Miscellaneous,27.44,35.09,18.78,0.0,30.24,88.21,2.23,7.15,4.48
22,2013-07-31,41.31027778,-123.2044444,35.25,-113.75,12365.0,G,Miscellaneous,28.05,34.83,21.3,0.0,31.96,88.07,2.06,7.41,4.41
23,2013-07-14,34.475,-117.8302778,35.25,-113.75,0.1,A,Debris Burning,29.59,34.69,23.69,1.48,32.98,87.75,0.26,3.42,1.77
24,2013-07-25,34.40555556,-118.4594444,35.25,-113.75,1.0,B,Miscellaneous,28.45,34.48,22.74,5.45,44.06,87.91,1.96,4.75,3.63
25,2013-07-15,39.66861111,-120.6663889,35.25,-113.75,0.1,A,Miscellaneous,28.88,34.48,23.93,3.31,37.74,87.54,1.93,3.5,2.48
26,2013-07-25,35.4375,-118.8055556,35.25,-113.75,0.1,A,Miscellaneous,28.45,34.48,22.74,5.45,44.06,87.91,1.96,4.75,3.63
27,2013-07-18,40.66666667,-121.4333333,35.25,-113.75,0.1,A,Miscellaneous,28.95,34.95,23.44,0.82,39.57,87.85,1.12,3.79,2.2
28,2013-07-19,40.17777778,-120.9986111,35.25,-113.75,0.37,B,Miscellaneous,28.8,34.98,22.19,0.6,38.89,87.69,1.24,4.44,2.54
29,2013-07-10,41.74444444,-122.9775,35.25,-113.75,0.6,B,Miscellaneous,28.47,34.62,22.04,0.11,29.37,87.85,0.53,5.37,2.54
30,2013-07-26,40.73111111,-122.80916670000002,35.25,-113.75,0.75,B,Miscellaneous,25.55,30.72,22.16,3.67,60.42,88.16,1.33,4.63,2.75
31,2013-07-15,33.54194444,-116.71,35.25,-113.75,0.1,A,Miscellaneous,28.88,34.48,23.93,3.31,37.74,87.54,1.93,3.5,2.48
32,2013-07-20,39.15111111,-120.7744444,35.25,-113.75,0.25,A,Miscellaneous,25.26,30.8,21.67,7.09,63.0,87.62,0.35,4.26,2.16
33,2013-07-31,41.44972222,-121.775,35.25,-113.75,1.6,B,Miscellaneous,28.05,34.83,21.3,0.0,31.96,88.07,2.06,7.41,4.41
34,2013-07-24,35.48277778,-118.7113889,35.25,-113.75,0.1,A,Miscellaneous,29.4,35.24,22.3,0.91,38.44,87.73,1.04,2.63,1.67
35,2013-07-11,33.02916667,-116.6347222,35.25,-113.75,0.1,A,Debris Burning,24.68,29.02,22.14,0.88,54.15,87.77,0.9,6.02,4.4
36,2013-07-10,34.57194444,-118.68694440000002,35.25,-113.75,0.25,A,Miscellaneous,28.47,34.62,22.04,0.11,29.37,87.85,0.53,5.37,2.54
37,2013-07-25,37.13444444,-119.4072222,35.25,-113.75,0.1,A,Miscellaneous,28.45,34.48,22.74,5.45,44.06,87.91,1.96,4.75,3.63
38,2013-07-19,34.89055556,-118.9133333,35.25,-113.75,722.0,E,Miscellaneous,28.8,34.98,22.19,0.6,38.89,87.69,1.24,4.44,2.54
39,2013-07-14,39.43805556,-120.0211111,35.25,-113.75,0.25,A,Miscellaneous,29.59,34.69,23.69,1.48,32.98,87.75,0.26,3.42,1.77
40,2013-07-04,41.85888889,-120.7502778,35.25,-113.75,0.1,A,Debris Burning,31.1,37.51,24.47,0.2,19.61,87.37,2.81,7.93,4.85
41,2013-07-24,41.78583333,-121.3038889,35.25,-113.75,0.1,A,Miscellaneous,29.4,35.24,22.3,0.91,38.44,87.73,1.04,2.63,1.67
42,2013-07-06,40.13722222,-120.95416670000002,35.25,-113.75,0.1,A,Miscellaneous,29.91,37.27,23.0,0.15,29.36,87.41,1.86,6.11,4.22
43,2013-07-17,38.88,-120.4291667,35.25,-113.75,0.1,A,Miscellaneous,27.64,33.14,21.85,0.96,42.3,88.02,0.47,4.54,2.51
44,2013-07-04,33.25472222,-116.7591667,35.25,-113.75,0.4,B,Miscellaneous,31.1,37.51,24.47,0.2,19.61,87.37,2.81,7.93,4.85
45,2013-07-26,40.58111111,-121.6288889,35.25,-113.75,0.1,A,Debris Burning,25.55,30.72,22.16,3.67,60.42,88.16,1.33,4.63,2.75
46,2013-07-05,34.30944444,-118.37333329999998,35.25,-113.75,0.5,B,Miscellaneous,27.72,33.22,22.96,0.07,34.28,87.44,1.82,10.51,6.72
47,2013-07-29,33.81138889,-117.62416670000002,35.25,-113.75,0.5,B,Miscellaneous,27.05,34.19,19.58,0.0,30.16,87.82,1.87,7.29,4.36
48,2013-07-31,41.30138889,-123.1397222,35.25,-113.75,0.5,B,Miscellaneous,28.05,34.83,21.3,0.0,31.96,88.07,2.06,7.41,4.41
49,2013-07-31,41.3025,-123.15583329999998,35.25,-113.75,0.1,A,Miscellaneous,28.05,34.83,21.3,0.0,31.96,88.07,2.06,7.41,4.41
50,2013-07-04,33.78083333,-116.9005556,35.25,-113.75,0.25,A,Miscellaneous,31.1,37.51,24.47,0.2,19.61,87.37,2.81,7.93,4.85
51,2013-07-05,34.28361111,-117.2138889,35.25,-113.75,0.25,A,Miscellaneous,27.72,33.22,22.96,0.07,34.28,87.44,1.82,10.51,6.72
52,2013-07-10,40.94277778,-123.6441667,35.25,-113.75,0.1,A,Miscellaneous,28.47,34.62,22.04,0.11,29.37,87.85,0.53,5.37,2.54
53,2013-07-15,34.32916667,-117.5138889,35.25,-113.75,0.5,B,Miscellaneous,28.88,34.48,23.93,3.31,37.74,87.54,1.93,3.5,2.48
54,2013-07-02,32.891831,-116.826552,35.25,-113.75,112.0,D,Miscellaneous,30.87,37.71,23.79,0.25,21.78,87.76,1.91,7.48,4.38
55,2013-07-06,32.979323,-116.436577,35.25,-113.75,0.1,A,Missing/Undefined,29.91,37.27,23.0,0.15,29.36,87.41,1.86,6.11,4.22
56,2013-07-06,32.966662,-116.45733,35.25,-113.75,7056.0,G,Miscellaneous,29.91,37.27,23.0,0.15,29.36,87.41,1.86,6.11,4.22
57,2013-07-04,35.37278,-115.89306,35.25,-113.75,0.1,A,Missing/Undefined,31.1,37.51,24.47,0.2,19.61,87.37,2.81,7.93,4.85
58,2013-07-04,32.709,-114.947,35.25,-113.75,0.1,A,Miscellaneous,31.1,37.51,24.47,0.2,19.61,87.37,2.81,7.93,4.85
59,2013-07-11,33.73581,-117.25942,35.25,-113.75,0.5,B,Missing/Undefined,24.68,29.02,22.14,0.88,54.15,87.77,0.9,6.02,4.4
60,2013-07-07,33.65625,-116.95756000000002,35.25,-113.75,2.3,B,Missing/Undefined,30.9,38.44,22.47,0.05,22.69,87.46,1.85,6.71,4.01
61,2013-07-08,35.61683,-117.59248999999998,35.25,-113.75,0.1,A,Miscellaneous,31.8,39.35,23.15,0.0,17.06,87.77,1.35,6.75,4.22
62,2013-07-15,35.61677,-117.59374,35.25,-113.75,0.1,A,Miscellaneous,28.88,34.48,23.93,3.31,37.74,87.54,1.93,3.5,2.48
63,2013-07-13,35.77542000000001,-117.91292,35.25,-113.75,0.1,A,Miscellaneous,28.38,34.09,20.5,1.55,37.96,87.8,1.16,3.32,2.25
64,2013-07-30,33.606390000000005,-114.93597,35.25,-113.75,0.3,B,Missing/Undefined,27.44,35.09,18.78,0.0,30.24,88.21,2.23,7.15,4.48
65,2013-07-23,32.800329999999995,-116.3346,35.25,-113.75,0.1,A,Missing/Undefined,26.57,31.51,20.9,1.14,48.26,87.85,0.59,2.7,1.84
66,2013-07-28,36.57488,-118.04637,35.25,-113.75,0.1,A,Missing/Undefined,27.03,32.67,22.06,2.06,48.4,87.54,0.24,4.91,2.48
67,2013-07-04,38.5128,-119.4708,35.25,-113.75,0.1,A,Missing/Undefined,31.1,37.51,24.47,0.2,19.61,87.37,2.81,7.93,4.85
68,2013-07-04,35.6358,-119.1247,35.25,-113.75,0.1,A,Missing/Undefined,31.1,37.51,24.47,0.2,19.61,87.37,2.81,7.93,4.85
69,2013-07-11,35.7389,-120.2103,35.25,-113.75,4.4,B,Missing/Undefined,24.68,29.02,22.14,0.88,54.15,87.77,0.9,6.02,4.4
70,2013-07-12,38.650097,-119.5331,35.25,-113.75,0.1,A,Missing/Undefined,26.59,31.75,20.79,0.52,46.26,87.74,1.05,6.08,3.25
71,2013-07-13,35.3478,-120.0233,35.25,-113.75,40.0,C,Missing/Undefined,28.38,34.09,20.5,1.55,37.96,87.8,1.16,3.32,2.25
72,2013-07-23,35.0847,-118.9744,35.25,-113.75,450.0,E,Missing/Undefined,26.57,31.51,20.9,1.14,48.26,87.85,0.59,2.7,1.84
73,2013-07-29,35.78,-120.2069,35.25,-113.75,0.2,A,Missing/Undefined,27.05,34.19,19.58,0.0,30.16,87.82,1.87,7.29,4.36
74,2013-07-26,35.2933,-119.6119,35.25,-113.75,0.1,A,Miscellaneous,25.55,30.72,22.16,3.67,60.42,88.16,1.33,4.63,2.75
75,2013-07-01,41.0942,-123.6925,35.25,-113.75,0.1,A,Debris Burning,32.63,39.88,25.09,0.16,19.27,87.65,1.48,6.49,3.76
76,2013-07-01,41.085,-123.6972,35.25,-113.75,0.1,A,Debris Burning,32.63,39.88,25.09,0.16,19.27,87.65,1.48,6.49,3.76
77,2013-07-08,41.0811,-123.6839,35.25,-113.75,0.1,A,Debris Burning,31.8,39.35,23.15,0.0,17.06,87.77,1.35,6.75,4.22
78,2013-07-02,34.00163,-116.57773,35.25,-113.75,0.1,A,Missing/Undefined,30.87,37.71,23.79,0.25,21.78,87.76,1.91,7.48,4.38
79,2013-07-02,33.9242,-116.6922,35.25,-113.75,0.3,B,Missing/Undefined,30.87,37.71,23.79,0.25,21.78,87.76,1.91,7.48,4.38
80,2013-07-05,36.57288,-118.75112,35.25,-113.75,1.0,B,Debris Burning,27.72,33.22,22.96,0.07,34.28,87.44,1.82,10.51,6.72
81,2013-07-01,40.5517,-122.4878,35.25,-113.75,0.1,A,Miscellaneous,32.63,39.88,25.09,0.16,19.27,87.65,1.48,6.49,3.76
82,2013-07-12,40.2217,-124.3092,35.25,-113.75,34.0,C,Missing/Undefined,26.59,31.75,20.79,0.52,46.26,87.74,1.05,6.08,3.25
83,2013-07-21,40.1025,-120.1964,35.25,-113.75,0.1,A,Missing/Undefined,23.26,26.17,20.31,1.84,73.61,87.68,0.87,3.42,2.26
84,2013-07-23,39.8189,-123.2706,35.25,-113.75,0.3,B,Debris Burning,26.57,31.51,20.9,1.14,48.26,87.85,0.59,2.7,1.84
85,2013-07-08,34.049711,-118.78714,35.25,-113.75,0.1,A,Missing/Undefined,31.8,39.35,23.15,0.0,17.06,87.77,1.35,6.75,4.22
86,2013-07-08,34.085064,-118.782036,35.25,-113.75,2.0,B,Missing/Undefined,31.8,39.35,23.15,0.0,17.06,87.77,1.35,6.75,4.22
87,2013-07-15,34.018403,-118.814208,35.25,-113.75,0.1,A,Missing/Undefined,28.88,34.48,23.93,3.31,37.74,87.54,1.93,3.5,2.48
88,2013-07-04,36.01553,-118.83293,35.25,-113.75,3.8,B,Missing/Undefined,31.1,37.51,24.47,0.2,19.61,87.37,2.81,7.93,4.85
89,2013-07-27,37.547,-119.643,35.25,-113.75,0.1,A,Miscellaneous,26.51,31.57,20.65,6.15,51.98,87.85,0.13,5.75,3.13
90,2013-07-31,37.85083,-119.65967,35.25,-113.75,0.1,A,Miscellaneous,28.05,34.83,21.3,0.0,31.96,88.07,2.06,7.41,4.41
91,2013-07-01,39.46277778,-121.9927778,35.25,-113.75,0.5,B,Missing/Undefined,32.63,39.88,25.09,0.16,19.27,87.65,1.48,6.49,3.76
92,2013-07-29,32.679215,-116.978524,35.25,-113.75,44.0,C,Missing/Undefined,27.05,34.19,19.58,0.0,30.16,87.82,1.87,7.29,4.36
93,2013-07-28,32.6425,-116.8577778,35.25,-113.75,5.0,B,Missing/Undefined,27.03,32.67,22.06,2.06,48.4,87.54,0.24,4.91,2.48
94,2013-07-11,33.17611111,-115.62194440000002,35.25,-113.75,0.5,B,Miscellaneous,24.68,29.02,22.14,0.88,54.15,87.77,0.9,6.02,4.4
95,2013-07-15,33.93,-117.226117,35.25,-113.75,0.1,A,Missing/Undefined,28.88,34.48,23.93,3.31,37.74,87.54,1.93,3.5,2.48
96,2013-07-05,37.2732,-120.3015,35.25,-113.75,0.1,A,Missing/Undefined,27.72,33.22,22.96,0.07,34.28,87.44,1.82,10.51,6.72
97,2013-07-25,33.059283,-117.1011,35.25,-113.75,28.0,C,Missing/Undefined,28.45,34.48,22.74,5.45,44.06,87.91,1.96,4.75,3.63
98,2013-07-14,40.212833,-123.750667,35.25,-113.75,21.0,C,Miscellaneous,29.59,34.69,23.69,1.48,32.98,87.75,0.26,3.42,1.77
99,2013-07-16,36.922533,-121.63055,35.25,-113.75,17.0,C,Miscellaneous,28.06,33.9,21.94,1.65,37.13,87.7,2.66,7.6,5.02
100,2013-07-28,39.812583,-122.197283,35.25,-113.75,17.0,C,Miscellaneous,27.03,32.67,22.06,2.06,48.4,87.54,0.24,4.91,2.48
101,2013-07-02,41.226017,-121.0807,35.25,-113.75,13.8,C,Miscellaneous,30.87,37.71,23.79,0.25,21.78,87.76,1.91,7.48,4.38
102,2013-07-04,33.7388,-116.95855,35.25,-113.75,1.0,B,Miscellaneous,31.1,37.51,24.47,0.2,19.61,87.37,2.81,7.93,4.85
103,2013-07-19,36.7203,-119.67285,35.25,-113.75,1.0,B,Missing/Undefined,28.8,34.98,22.19,0.6,38.89,87.69,1.24,4.44,2.54
104,2013-07-30,39.270467,-120.063333,35.25,-113.75,1.0,B,Miscellaneous,27.44,35.09,18.78,0.0,30.24,88.21,2.23,7.15,4.48
105,2013-07-09,38.7835,-123.009367,35.25,-113.75,1.0,B,Missing/Undefined,30.42,36.82,22.54,0.0,20.77,88.01,1.04,5.09,3.27
106,2013-07-22,36.887633,-119.686067,35.25,-113.75,1.0,B,Miscellaneous,25.24,30.4,19.78,0.24,58.63,87.83,1.49,5.43,3.36
107,2013-07-06,39.169717,-121.608567,35.25,-113.75,1.0,B,Debris Burning,29.91,37.27,23.0,0.15,29.36,87.41,1.86,6.11,4.22
108,2013-07-08,37.565017,-120.425883,35.25,-113.75,1.0,B,Missing/Undefined,31.8,39.35,23.15,0.0,17.06,87.77,1.35,6.75,4.22
109,2013-07-10,37.94805,-120.617167,35.25,-113.75,1.0,B,Miscellaneous,28.47,34.62,22.04,0.11,29.37,87.85,0.53,5.37,2.54
110,2013-07-03,41.241383,-121.035,35.25,-113.75,502.0,E,Miscellaneous,31.36,38.56,23.39,0.0,20.1,87.52,2.62,6.72,4.47
111,2013-07-27,39.77535,-121.997367,35.25,-113.75,0.1,A,Miscellaneous,26.51,31.57,20.65,6.15,51.98,87.85,0.13,5.75,3.13
112,2013-07-24,36.864717,-119.539167,35.25,-113.75,3.0,B,Miscellaneous,29.4,35.24,22.3,0.91,38.44,87.73,1.04,2.63,1.67
113,2013-07-14,40.436233,-122.400283,35.25,-113.75,3.0,B,Miscellaneous,29.59,34.69,23.69,1.48,32.98,87.75,0.26,3.42,1.77
114,2013-07-30,40.883717,-121.67155,35.25,-113.75,0.5,B,Missing/Undefined,27.44,35.09,18.78,0.0,30.24,88.21,2.23,7.15,4.48
115,2013-07-15,37.0774,-122.085,35.25,-113.75,0.5,B,Missing/Undefined,28.88,34.48,23.93,3.31,37.74,87.54,1.93,3.5,2.48
116,2013-07-18,38.9709,-120.88935,35.25,-113.75,0.1,A,Missing/Undefined,28.95,34.95,23.44,0.82,39.57,87.85,1.12,3.79,2.2
117,2013-07-06,37.476383,-120.703217,35.25,-113.75,5.0,B,Miscellaneous,29.91,37.27,23.0,0.15,29.36,87.41,1.86,6.11,4.22
118,2013-07-10,38.51435,-122.074883,35.25,-113.75,5.0,B,Missing/Undefined,28.47,34.62,22.04,0.11,29.37,87.85,0.53,5.37,2.54
119,2013-07-02,40.559383,-122.276733,35.25,-113.75,0.25,A,Missing/Undefined,30.87,37.71,23.79,0.25,21.78,87.76,1.91,7.48,4.38
120,2013-07-04,39.527383,-121.462283,35.25,-113.75,0.25,A,Missing/Undefined,31.1,37.51,24.47,0.2,19.61,87.37,2.81,7.93,4.85
121,2013-07-03,37.015317,-122.052333,35.25,-113.75,0.23,A,Miscellaneous,31.36,38.56,23.39,0.0,20.1,87.52,2.62,6.72,4.47
122,2013-07-05,38.235017,-121.13545,35.25,-113.75,0.22,A,Miscellaneous,27.72,33.22,22.96,0.07,34.28,87.44,1.82,10.51,6.72
123,2013-07-09,33.73055,-117.30625,35.25,-113.75,0.21,A,Missing/Undefined,30.42,36.82,22.54,0.0,20.77,88.01,1.04,5.09,3.27
124,2013-07-12,36.781767,-119.52205,35.25,-113.75,0.2,A,Miscellaneous,26.59,31.75,20.79,0.52,46.26,87.74,1.05,6.08,3.25
125,2013-07-11,38.776767,-120.605833,35.25,-113.75,0.2,A,Missing/Undefined,24.68,29.02,22.14,0.88,54.15,87.77,0.9,6.02,4.4
126,2013-07-03,38.889133,-122.604433,35.25,-113.75,11.5,C,Miscellaneous,31.36,38.56,23.39,0.0,20.1,87.52,2.62,6.72,4.47
127,2013-07-19,36.20725,-120.37315,35.25,-113.75,1.0,B,Miscellaneous,28.8,34.98,22.19,0.6,38.89,87.69,1.24,4.44,2.54
128,2013-07-27,35.45708300000001,-120.331633,35.25,-113.75,1.0,B,Miscellaneous,26.51,31.57,20.65,6.15,51.98,87.85,0.13,5.75,3.13
129,2013-07-05,39.973033,-123.966133,35.25,-113.75,1.0,B,Missing/Undefined,27.72,33.22,22.96,0.07,34.28,87.44,1.82,10.51,6.72
130,2013-07-11,39.308483,-121.637517,35.25,-113.75,1.0,B,Missing/Undefined,24.68,29.02,22.14,0.88,54.15,87.77,0.9,6.02,4.4
131,2013-07-22,40.315983,-121.106983,35.25,-113.75,1.0,B,Miscellaneous,25.24,30.4,19.78,0.24,58.63,87.83,1.49,5.43,3.36
132,2013-07-01,36.998267,-120.873433,35.25,-113.75,1.0,B,Debris Burning,32.63,39.88,25.09,0.16,19.27,87.65,1.48,6.49,3.76
133,2013-07-13,33.7834,-117.23695,35.25,-113.75,1.0,B,Missing/Undefined,28.38,34.09,20.5,1.55,37.96,87.8,1.16,3.32,2.25
134,2013-07-24,38.349367,-120.85045,35.25,-113.75,0.89,B,Missing/Undefined,29.4,35.24,22.3,0.91,38.44,87.73,1.04,2.63,1.67
135,2013-07-16,37.086533,-120.212583,35.25,-113.75,0.8,B,Missing/Undefined,28.06,33.9,21.94,1.65,37.13,87.7,2.66,7.6,5.02
136,2013-07-26,40.428833,-120.806,35.25,-113.75,0.8,B,Miscellaneous,25.55,30.72,22.16,3.67,60.42,88.16,1.33,4.63,2.75
137,2013-07-01,37.879817,-122.221983,35.25,-113.75,0.77,B,Miscellaneous,32.63,39.88,25.09,0.16,19.27,87.65,1.48,6.49,3.76
138,2013-07-12,33.9341,-117.55585,35.25,-113.75,1.0,B,Missing/Undefined,26.59,31.75,20.79,0.52,46.26,87.74,1.05,6.08,3.25
139,2013-07-03,33.6709,-117.206533,35.25,-113.75,1.0,B,Missing/Undefined,31.36,38.56,23.39,0.0,20.1,87.52,2.62,6.72,4.47
140,2013-07-25,32.6341,-116.178367,35.25,-113.75,1.0,B,Missing/Undefined,28.45,34.48,22.74,5.45,44.06,87.91,1.96,4.75,3.63
141,2013-07-02,37.7216,-121.683617,35.25,-113.75,1.0,B,Miscellaneous,30.87,37.71,23.79,0.25,21.78,87.76,1.91,7.48,4.38
142,2013-07-11,39.5524,-121.765083,35.25,-113.75,1.0,B,Missing/Undefined,24.68,29.02,22.14,0.88,54.15,87.77,0.9,6.02,4.4
143,2013-07-08,37.048333,-121.545567,35.25,-113.75,1.0,B,Miscellaneous,31.8,39.35,23.15,0.0,17.06,87.77,1.35,6.75,4.22
144,2013-07-19,38.650517,-121.07745,35.25,-113.75,163.0,D,Miscellaneous,28.8,34.98,22.19,0.6,38.89,87.69,1.24,4.44,2.54
145,2013-07-09,40.377222,-122.7275,35.25,-113.75,215.0,D,Missing/Undefined,30.42,36.82,22.54,0.0,20.77,88.01,1.04,5.09,3.27
146,2013-07-10,38.4394,-121.979217,35.25,-113.75,13.0,C,Miscellaneous,28.47,34.62,22.04,0.11,29.37,87.85,0.53,5.37,2.54
147,2013-07-22,37.327217,-119.769033,35.25,-113.75,1.0,B,Miscellaneous,25.24,30.4,19.78,0.24,58.63,87.83,1.49,5.43,3.36
148,2013-07-19,39.961317,-122.330883,35.25,-113.75,195.0,D,Miscellaneous,28.8,34.98,22.19,0.6,38.89,87.69,1.24,4.44,2.54
149,2013-07-25,33.786517,-117.237483,35.25,-113.75,1.0,B,Missing/Undefined,28.45,34.48,22.74,5.45,44.06,87.91,1.96,4.75,3.63
150,2013-07-16,34.225083000000005,-117.41005,35.25,-113.75,0.5,B,Missing/Undefined,28.06,33.9,21.94,1.65,37.13,87.7,2.66,7.6,5.02
151,2013-07-13,36.96055,-120.65395,35.25,-113.75,0.5,B,Missing/Undefined,28.38,34.09,20.5,1.55,37.96,87.8,1.16,3.32,2.25
152,2013-07-05,33.9282,-116.905183,35.25,-113.75,0.3,B,Miscellaneous,27.72,33.22,22.96,0.07,34.28,87.44,1.82,10.51,6.72
153,2013-07-26,37.64345,-121.410383,35.25,-113.75,0.08,A,Missing/Undefined,25.55,30.72,22.16,3.67,60.42,88.16,1.33,4.63,2.75
154,2013-07-14,36.677417,-119.880533,35.25,-113.75,0.2,A,Miscellaneous,29.59,34.69,23.69,1.48,32.98,87.75,0.26,3.42,1.77
155,2013-07-15,35.105217,-120.63125,35.25,-113.75,6.0,B,Missing/Undefined,28.88,34.48,23.93,3.31,37.74,87.54,1.93,3.5,2.48
156,2013-07-27,37.491883,-120.703067,35.25,-113.75,6.0,B,Miscellaneous,26.51,31.57,20.65,6.15,51.98,87.85,0.13,5.75,3.13
157,2013-07-05,36.646517,-119.3402,35.25,-113.75,6.0,B,Missing/Undefined,27.72,33.22,22.96,0.07,34.28,87.44,1.82,10.51,6.72
158,2013-07-05,38.404317,-120.0208,35.25,-113.75,4.6,B,Miscellaneous,27.72,33.22,22.96,0.07,34.28,87.44,1.82,10.51,6.72
159,2013-07-12,37.330983,-120.5247,35.25,-113.75,4.0,B,Miscellaneous,26.59,31.75,20.79,0.52,46.26,87.74,1.05,6.08,3.25
160,2013-07-18,37.321,-120.3265,35.25,-113.75,4.0,B,Missing/Undefined,28.95,34.95,23.44,0.82,39.57,87.85,1.12,3.79,2.2
161,2013-07-04,38.7821,-123.01695,35.25,-113.75,4.0,B,Missing/Undefined,31.1,37.51,24.47,0.2,19.61,87.37,2.81,7.93,4.85
162,2013-07-24,36.300283,-120.273217,35.25,-113.75,4.0,B,Miscellaneous,29.4,35.24,22.3,0.91,38.44,87.73,1.04,2.63,1.67
163,2013-07-19,37.839183,-120.863483,35.25,-113.75,4.0,B,Missing/Undefined,28.8,34.98,22.19,0.6,38.89,87.69,1.24,4.44,2.54
164,2013-07-24,38.83265,-120.870167,35.25,-113.75,4.0,B,Miscellaneous,29.4,35.24,22.3,0.91,38.44,87.73,1.04,2.63,1.67
165,2013-07-28,38.81455,-122.800967,35.25,-113.75,0.1,A,Miscellaneous,27.03,32.67,22.06,2.06,48.4,87.54,0.24,4.91,2.48
166,2013-07-01,33.9758,-117.475767,35.25,-113.75,0.1,A,Miscellaneous,32.63,39.88,25.09,0.16,19.27,87.65,1.48,6.49,3.76
167,2013-07-05,35.033973,-120.497823,35.25,-113.75,0.1,A,Missing/Undefined,27.72,33.22,22.96,0.07,34.28,87.44,1.82,10.51,6.72
168,2013-07-19,40.012233,-122.458233,35.25,-113.75,0.1,A,Missing/Undefined,28.8,34.98,22.19,0.6,38.89,87.69,1.24,4.44,2.54
169,2013-07-19,38.45855,-120.484683,35.25,-113.75,0.1,A,Debris Burning,28.8,34.98,22.19,0.6,38.89,87.69,1.24,4.44,2.54
170,2013-07-02,37.8371,-120.504533,35.25,-113.75,0.1,A,Missing/Undefined,30.87,37.71,23.79,0.25,21.78,87.76,1.91,7.48,4.38
171,2013-07-22,38.830533,-122.900467,35.25,-113.75,0.1,A,Miscellaneous,25.24,30.4,19.78,0.24,58.63,87.83,1.49,5.43,3.36
172,2013-07-22,36.431067,-119.7309,35.25,-113.75,1.0,B,Miscellaneous,25.24,30.4,19.78,0.24,58.63,87.83,1.49,5.43,3.36
173,2013-07-03,36.6408,-119.5295,35.25,-113.75,1.0,B,Miscellaneous,31.36,38.56,23.39,0.0,20.1,87.52,2.62,6.72,4.47
174,2013-07-04,40.108,-123.795667,35.25,-113.75,1.0,B,Missing/Undefined,31.1,37.51,24.47,0.2,19.61,87.37,2.81,7.93,4.85
175,2013-07-30,40.905833,-124.0395,35.25,-113.75,1.0,B,Missing/Undefined,27.44,35.09,18.78,0.0,30.24,88.21,2.23,7.15,4.48
176,2013-07-06,41.47978300000001,-120.724167,35.25,-113.75,1.0,B,Missing/Undefined,29.91,37.27,23.0,0.15,29.36,87.41,1.86,6.11,4.22
177,2013-07-05,36.922933,-119.92155,35.25,-113.75,5.0,B,Missing/Undefined,27.72,33.22,22.96,0.07,34.28,87.44,1.82,10.51,6.72
178,2013-07-14,37.05448300000001,-120.292567,35.25,-113.75,14.0,C,Miscellaneous,29.59,34.69,23.69,1.48,32.98,87.75,0.26,3.42,1.77
179,2013-07-19,37.401717,-120.01825,35.25,-113.75,1.0,B,Missing/Undefined,28.8,34.98,22.19,0.6,38.89,87.69,1.24,4.44,2.54
180,2013-07-08,34.190517,-117.424933,35.25,-113.75,1.0,B,Missing/Undefined,31.8,39.35,23.15,0.0,17.06,87.77,1.35,6.75,4.22
181,2013-07-15,39.2381,-121.1315,35.25,-113.75,0.05,A,Miscellaneous,28.88,34.48,23.93,3.31,37.74,87.54,1.93,3.5,2.48
182,2013-07-02,38.902433,-121.200783,35.25,-113.75,0.05,A,Miscellaneous,30.87,37.71,23.79,0.25,21.78,87.76,1.91,7.48,4.38
183,2013-07-29,37.0433,-121.52385,35.25,-113.75,0.05,A,Miscellaneous,27.05,34.19,19.58,0.0,30.16,87.82,1.87,7.29,4.36
184,2013-07-04,38.906933,-123.1565,35.25,-113.75,3.8,B,Miscellaneous,31.1,37.51,24.47,0.2,19.61,87.37,2.81,7.93,4.85
185,2013-07-24,37.054567,-120.437233,35.25,-113.75,0.25,A,Missing/Undefined,29.4,35.24,22.3,0.91,38.44,87.73,1.04,2.63,1.67
186,2013-07-03,35.31708300000001,-120.621017,35.25,-113.75,0.2,A,Missing/Undefined,31.36,38.56,23.39,0.0,20.1,87.52,2.62,6.72,4.47
187,2013-07-31,39.87615,-121.608283,35.25,-113.75,0.2,A,Missing/Undefined,28.05,34.83,21.3,0.0,31.96,88.07,2.06,7.41,4.41
188,2013-07-27,37.821017,-120.158767,35.25,-113.75,0.19,A,Miscellaneous,26.51,31.57,20.65,6.15,51.98,87.85,0.13,5.75,3.13
189,2013-07-03,38.5017,-122.198367,35.25,-113.75,0.16,A,Miscellaneous,31.36,38.56,23.39,0.0,20.1,87.52,2.62,6.72,4.47
190,2013-07-06,38.902917,-120.851233,35.25,-113.75,0.1,A,Missing/Undefined,29.91,37.27,23.0,0.15,29.36,87.41,1.86,6.11,4.22
191,2013-07-10,33.963533,-116.4951,35.25,-113.75,0.1,A,Missing/Undefined,28.47,34.62,22.04,0.11,29.37,87.85,0.53,5.37,2.54
192,2013-07-05,39.959933,-122.178917,35.25,-113.75,0.1,A,Missing/Undefined,27.72,33.22,22.96,0.07,34.28,87.44,1.82,10.51,6.72
193,2013-07-14,33.779317,-117.236917,35.25,-113.75,10.0,C,Missing/Undefined,29.59,34.69,23.69,1.48,32.98,87.75,0.26,3.42,1.77
194,2013-07-13,38.704367,-123.031733,35.25,-113.75,10.0,C,Missing/Undefined,28.38,34.09,20.5,1.55,37.96,87.8,1.16,3.32,2.25
195,2013-07-31,36.865983,-120.381717,35.25,-113.75,10.0,C,Miscellaneous,28.05,34.83,21.3,0.0,31.96,88.07,2.06,7.41,4.41
196,2013-07-01,37.118,-119.932283,35.25,-113.75,9.5,B,Missing/Undefined,32.63,39.88,25.09,0.16,19.27,87.65,1.48,6.49,3.76
197,2013-07-09,35.523933,-120.65895,35.25,-113.75,9.4,B,Missing/Undefined,30.42,36.82,22.54,0.0,20.77,88.01,1.04,5.09,3.27
198,2013-07-16,33.557733,-117.11705,35.25,-113.75,8.3,B,Missing/Undefined,28.06,33.9,21.94,1.65,37.13,87.7,2.66,7.6,5.02
199,2013-07-17,33.520083,-117.0279,35.25,-113.75,8.25,B,Debris Burning,27.64,33.14,21.85,0.96,42.3,88.02,0.47,4.54,2.51
200,2013-07-13,37.64375,-120.589983,35.25,-113.75,8.0,B,Missing/Undefined,28.38,34.09,20.5,1.55,37.96,87.8,1.16,3.32,2.25
201,2013-07-06,39.19305,-121.419717,35.25,-113.75,8.0,B,Missing/Undefined,29.91,37.27,23.0,0.15,29.36,87.41,1.86,6.11,4.22
202,2013-07-22,38.292617,-121.171967,35.25,-113.75,6.7,B,Missing/Undefined,25.24,30.4,19.78,0.24,58.63,87.83,1.49,5.43,3.36
203,2013-07-16,38.474733,-121.1064,35.25,-113.75,6.5,B,Miscellaneous,28.06,33.9,21.94,1.65,37.13,87.7,2.66,7.6,5.02
204,2013-07-22,36.936317,-120.074,35.25,-113.75,1.0,B,Miscellaneous,25.24,30.4,19.78,0.24,58.63,87.83,1.49,5.43,3.36
205,2013-07-09,38.8025,-123.015967,35.25,-113.75,1.0,B,Missing/Undefined,30.42,36.82,22.54,0.0,20.77,88.01,1.04,5.09,3.27
206,2013-07-27,40.437933,-123.685167,35.25,-113.75,1.0,B,Missing/Undefined,26.51,31.57,20.65,6.15,51.98,87.85,0.13,5.75,3.13
207,2013-07-19,33.9558,-117.243917,35.25,-113.75,40.0,C,Missing/Undefined,28.8,34.98,22.19,0.6,38.89,87.69,1.24,4.44,2.54
208,2013-07-04,33.252866999999995,-117.155617,35.25,-113.75,1.0,B,Missing/Undefined,31.1,37.51,24.47,0.2,19.61,87.37,2.81,7.93,4.85
209,2013-07-31,39.96375,-123.791883,35.25,-113.75,1.0,B,Miscellaneous,28.05,34.83,21.3,0.0,31.96,88.07,2.06,7.41,4.41
210,2013-07-02,38.824317,-121.469733,35.25,-113.75,1.0,B,Miscellaneous,30.87,37.71,23.79,0.25,21.78,87.76,1.91,7.48,4.38
211,2013-07-05,40.34215,-123.770683,35.25,-113.75,5.0,B,Miscellaneous,27.72,33.22,22.96,0.07,34.28,87.44,1.82,10.51,6.72
212,2013-07-26,33.646767,-114.594783,35.25,-113.75,40.0,C,Miscellaneous,25.55,30.72,22.16,3.67,60.42,88.16,1.33,4.63,2.75
213,2013-07-10,33.931783,-117.24465,35.25,-113.75,1.0,B,Missing/Undefined,28.47,34.62,22.04,0.11,29.37,87.85,0.53,5.37,2.54
214,2013-07-09,33.77695,-117.231383,35.25,-113.75,1.0,B,Missing/Undefined,30.42,36.82,22.54,0.0,20.77,88.01,1.04,5.09,3.27
215,2013-07-05,38.493667,-121.091217,35.25,-113.75,1.0,B,Missing/Undefined,27.72,33.22,22.96,0.07,34.28,87.44,1.82,10.51,6.72
216,2013-07-02,33.5192,-117.30845,35.25,-113.75,1.0,B,Miscellaneous,30.87,37.71,23.79,0.25,21.78,87.76,1.91,7.48,4.38
217,2013-07-16,35.664117,-120.691917,35.25,-113.75,2.0,B,Missing/Undefined,28.06,33.9,21.94,1.65,37.13,87.7,2.66,7.6,5.02
218,2013-07-20,37.648317,-120.2947,35.25,-113.75,2.0,B,Missing/Undefined,25.26,30.8,21.67,7.09,63.0,87.62,0.35,4.26,2.16
219,2013-07-27,38.137583,-120.505867,35.25,-113.75,2.0,B,Miscellaneous,26.51,31.57,20.65,6.15,51.98,87.85,0.13,5.75,3.13
220,2013-07-28,40.93465,-121.56885,35.25,-113.75,2.0,B,Missing/Undefined,27.03,32.67,22.06,2.06,48.4,87.54,0.24,4.91,2.48
221,2013-07-11,37.0593,-119.919317,35.25,-113.75,2.0,B,Miscellaneous,24.68,29.02,22.14,0.88,54.15,87.77,0.9,6.02,4.4
222,2013-07-17,40.440733,-122.282633,35.25,-113.75,0.25,A,Missing/Undefined,27.64,33.14,21.85,0.96,42.3,88.02,0.47,4.54,2.51
223,2013-07-19,37.989083,-120.478633,35.25,-113.75,0.25,A,Miscellaneous,28.8,34.98,22.19,0.6,38.89,87.69,1.24,4.44,2.54
224,2013-07-25,37.048467,-122.00765,35.25,-113.75,0.25,A,Miscellaneous,28.45,34.48,22.74,5.45,44.06,87.91,1.96,4.75,3.63
225,2013-07-19,40.53545,-122.3448,35.25,-113.75,0.25,A,Miscellaneous,28.8,34.98,22.19,0.6,38.89,87.69,1.24,4.44,2.54
226,2013-07-05,40.47275,-120.546,35.25,-113.75,0.25,A,Missing/Undefined,27.72,33.22,22.96,0.07,34.28,87.44,1.82,10.51,6.72
227,2013-07-25,37.7566,-122.05115,35.25,-113.75,0.25,A,Miscellaneous,28.45,34.48,22.74,5.45,44.06,87.91,1.96,4.75,3.63
228,2013-07-28,37.6423,-120.288267,35.25,-113.75,0.13,A,Miscellaneous,27.03,32.67,22.06,2.06,48.4,87.54,0.24,4.91,2.48
229,2013-07-03,33.7165,-116.171,35.25,-113.75,0.12,A,Miscellaneous,31.36,38.56,23.39,0.0,20.1,87.52,2.62,6.72,4.47
230,2013-07-04,38.240067,-120.947217,35.25,-113.75,0.4,B,Miscellaneous,31.1,37.51,24.47,0.2,19.61,87.37,2.81,7.93,4.85
231,2013-07-30,37.16785,-122.03935,35.25,-113.75,0.4,B,Miscellaneous,27.44,35.09,18.78,0.0,30.24,88.21,2.23,7.15,4.48
232,2013-07-13,38.801583,-120.742667,35.25,-113.75,0.4,B,Miscellaneous,28.38,34.09,20.5,1.55,37.96,87.8,1.16,3.32,2.25
233,2013-07-04,36.9429,-121.740433,35.25,-113.75,0.4,B,Miscellaneous,31.1,37.51,24.47,0.2,19.61,87.37,2.81,7.93,4.85
234,2013-07-14,40.701833,-122.32495,35.25,-113.75,0.33,B,Miscellaneous,29.59,34.69,23.69,1.48,32.98,87.75,0.26,3.42,1.77
235,2013-07-12,39.54075,-121.519083,35.25,-113.75,6.4,B,Missing/Undefined,26.59,31.75,20.79,0.52,46.26,87.74,1.05,6.08,3.25
236,2013-07-14,37.915133,-120.6239,35.25,-113.75,6.4,B,Missing/Undefined,29.59,34.69,23.69,1.48,32.98,87.75,0.26,3.42,1.77
237,2013-07-16,38.942833,-122.770833,35.25,-113.75,0.65,B,Missing/Undefined,28.06,33.9,21.94,1.65,37.13,87.7,2.66,7.6,5.02
238,2013-07-31,34.464483,-117.55515,35.25,-113.75,0.5,B,Missing/Undefined,28.05,34.83,21.3,0.0,31.96,88.07,2.06,7.41,4.41
239,2013-07-14,40.02795,-122.099867,35.25,-113.75,1.0,B,Miscellaneous,29.59,34.69,23.69,1.48,32.98,87.75,0.26,3.42,1.77
240,2013-07-02,38.809433,-123.006917,35.25,-113.75,1.0,B,Missing/Undefined,30.87,37.71,23.79,0.25,21.78,87.76,1.91,7.48,4.38
241,2013-07-20,39.149583,-121.601017,35.25,-113.75,1.0,B,Missing/Undefined,25.26,30.8,21.67,7.09,63.0,87.62,0.35,4.26,2.16
242,2013-07-03,36.713767,-119.353517,35.25,-113.75,16.0,C,Missing/Undefined,31.36,38.56,23.39,0.0,20.1,87.52,2.62,6.72,4.47
243,2013-07-31,40.366967,-122.208983,35.25,-113.75,1.0,B,Missing/Undefined,28.05,34.83,21.3,0.0,31.96,88.07,2.06,7.41,4.41
244,2013-07-04,37.041633,-121.542217,35.25,-113.75,1.0,B,Missing/Undefined,31.1,37.51,24.47,0.2,19.61,87.37,2.81,7.93,4.85
245,2013-07-16,38.8025,-123.015967,35.25,-113.75,1.0,B,Missing/Undefined,28.06,33.9,21.94,1.65,37.13,87.7,2.66,7.6,5.02
246,2013-07-15,38.83905,-121.307367,35.25,-113.75,1.0,B,Missing/Undefined,28.88,34.48,23.93,3.31,37.74,87.54,1.93,3.5,2.48
247,2013-07-04,36.430667,-121.318167,35.25,-113.75,0.1,A,Miscellaneous,31.1,37.51,24.47,0.2,19.61,87.37,2.81,7.93,4.85
248,2013-07-03,41.64885,-122.656333,35.25,-113.75,0.1,A,Miscellaneous,31.36,38.56,23.39,0.0,20.1,87.52,2.62,6.72,4.47
249,2013-07-22,40.68641,-122.1433,35.25,-113.75,0.1,A,Missing/Undefined,25.24,30.4,19.78,0.24,58.63,87.83,1.49,5.43,3.36
250,2013-07-07,33.598883,-114.645283,35.25,-113.75,0.05,A,Debris Burning,30.9,38.44,22.47,0.05,22.69,87.46,1.85,6.71,4.01
251,2013-07-16,33.7064,-117.119733,35.25,-113.75,0.05,A,Miscellaneous,28.06,33.9,21.94,1.65,37.13,87.7,2.66,7.6,5.02
252,2013-07-04,41.664833,-122.668583,35.25,-113.75,0.05,A,Miscellaneous,31.1,37.51,24.47,0.2,19.61,87.37,2.81,7.93,4.85
253,2013-07-15,37.360667,-120.549417,35.25,-113.75,0.25,A,Missing/Undefined,28.88,34.48,23.93,3.31,37.74,87.54,1.93,3.5,2.48
254,2013-07-04,33.430667,-117.145733,35.25,-113.75,0.02,A,Miscellaneous,31.1,37.51,24.47,0.2,19.61,87.37,2.81,7.93,4.85
255,2013-07-02,33.748797,-117.933203,35.25,-113.75,0.02,A,Missing/Undefined,30.87,37.71,23.79,0.25,21.78,87.76,1.91,7.48,4.38
256,2013-07-09,39.23205,-121.0732,35.25,-113.75,0.02,A,Missing/Undefined,30.42,36.82,22.54,0.0,20.77,88.01,1.04,5.09,3.27
257,2013-07-08,33.183533000000004,-117.117867,35.25,-113.75,0.3,B,Missing/Undefined,31.8,39.35,23.15,0.0,17.06,87.77,1.35,6.75,4.22
258,2013-07-07,38.45835,-120.4847,35.25,-113.75,0.2,A,Miscellaneous,30.9,38.44,22.47,0.05,22.69,87.46,1.85,6.71,4.01
259,2013-07-16,37.403783,-120.585733,35.25,-113.75,0.2,A,Missing/Undefined,28.06,33.9,21.94,1.65,37.13,87.7,2.66,7.6,5.02
260,2013-07-07,37.883233,-121.99085,35.25,-113.75,0.25,A,Missing/Undefined,30.9,38.44,22.47,0.05,22.69,87.46,1.85,6.71,4.01
261,2013-07-15,37.72115,-121.537533,35.25,-113.75,0.25,A,Missing/Undefined,28.88,34.48,23.93,3.31,37.74,87.54,1.93,3.5,2.48
262,2013-07-31,39.010217,-121.11455,35.25,-113.75,0.25,A,Missing/Undefined,28.05,34.83,21.3,0.0,31.96,88.07,2.06,7.41,4.41
263,2013-07-03,41.0718,-124.14045,35.25,-113.75,0.25,A,Missing/Undefined,31.36,38.56,23.39,0.0,20.1,87.52,2.62,6.72,4.47
264,2013-07-18,39.12315,-122.851883,35.25,-113.75,0.25,A,Miscellaneous,28.95,34.95,23.44,0.82,39.57,87.85,1.12,3.79,2.2
265,2013-07-04,33.656667,-116.15415,35.25,-113.75,0.25,A,Missing/Undefined,31.1,37.51,24.47,0.2,19.61,87.37,2.81,7.93,4.85
266,2013-07-13,37.06915,-120.177683,35.25,-113.75,0.25,A,Miscellaneous,28.38,34.09,20.5,1.55,37.96,87.8,1.16,3.32,2.25
267,2013-07-01,37.409017,-120.751917,35.25,-113.75,0.25,A,Missing/Undefined,32.63,39.88,25.09,0.16,19.27,87.65,1.48,6.49,3.76
268,2013-07-09,40.143317,-122.322017,35.25,-113.75,0.25,A,Miscellaneous,30.42,36.82,22.54,0.0,20.77,88.01,1.04,5.09,3.27
269,2013-07-04,37.95555,-120.310417,35.25,-113.75,0.5,B,Debris Burning,31.1,37.51,24.47,0.2,19.61,87.37,2.81,7.93,4.85
270,2013-07-07,40.426233,-122.283367,35.25,-113.75,0.5,B,Miscellaneous,30.9,38.44,22.47,0.05,22.69,87.46,1.85,6.71,4.01
271,2013-07-05,36.522633,-119.8272,35.25,-113.75,0.5,B,Missing/Undefined,27.72,33.22,22.96,0.07,34.28,87.44,1.82,10.51,6.72
272,2013-07-22,39.6755,-123.49735,35.25,-113.75,0.1,A,Debris Burning,25.24,30.4,19.78,0.24,58.63,87.83,1.49,5.43,3.36
273,2013-07-16,33.951567,-117.2221,35.25,-113.75,0.1,A,Debris Burning,28.06,33.9,21.94,1.65,37.13,87.7,2.66,7.6,5.02
274,2013-07-07,38.63105,-122.860283,35.25,-113.75,0.1,A,Missing/Undefined,30.9,38.44,22.47,0.05,22.69,87.46,1.85,6.71,4.01
275,2013-07-06,33.932583,-116.874567,35.25,-113.75,0.1,A,Miscellaneous,29.91,37.27,23.0,0.15,29.36,87.41,1.86,6.11,4.22
276,2013-07-04,40.028533,-124.07315,35.25,-113.75,0.1,A,Missing/Undefined,31.1,37.51,24.47,0.2,19.61,87.37,2.81,7.93,4.85
277,2013-07-10,40.7765,-124.133167,35.25,-113.75,1.0,B,Missing/Undefined,28.47,34.62,22.04,0.11,29.37,87.85,0.53,5.37,2.54
278,2013-07-07,35.622233,-120.836083,35.25,-113.75,80.0,C,Missing/Undefined,30.9,38.44,22.47,0.05,22.69,87.46,1.85,6.71,4.01
279,2013-07-20,33.779317,-117.236917,35.25,-113.75,1.0,B,Missing/Undefined,25.26,30.8,21.67,7.09,63.0,87.62,0.35,4.26,2.16
280,2013-07-15,39.375167,-121.699283,35.25,-113.75,1.0,B,Debris Burning,28.88,34.48,23.93,3.31,37.74,87.54,1.93,3.5,2.48
281,2013-07-18,37.008367,-119.893617,35.25,-113.75,1.0,B,Missing/Undefined,28.95,34.95,23.44,0.82,39.57,87.85,1.12,3.79,2.2
282,2013-07-11,37.7725,-121.618833,35.25,-113.75,20.0,C,Miscellaneous,24.68,29.02,22.14,0.88,54.15,87.77,0.9,6.02,4.4
283,2013-07-20,37.738467,-121.670183,35.25,-113.75,1.0,B,Miscellaneous,25.26,30.8,21.67,7.09,63.0,87.62,0.35,4.26,2.16
284,2013-07-27,36.080083,-118.8989,35.25,-113.75,1.0,B,Missing/Undefined,26.51,31.57,20.65,6.15,51.98,87.85,0.13,5.75,3.13
285,2013-07-15,36.753383,-120.368183,35.25,-113.75,40.0,C,Debris Burning,28.88,34.48,23.93,3.31,37.74,87.54,1.93,3.5,2.48
286,2013-07-16,33.871087,-117.862373,35.25,-113.75,0.01,A,Missing/Undefined,28.06,33.9,21.94,1.65,37.13,87.7,2.66,7.6,5.02
287,2013-07-13,33.866402,-117.878021,35.25,-113.75,0.01,A,Miscellaneous,28.38,34.09,20.5,1.55,37.96,87.8,1.16,3.32,2.25
288,2013-07-04,41.865183,-124.205717,35.25,-113.75,2.0,B,Missing/Undefined,31.1,37.51,24.47,0.2,19.61,87.37,2.81,7.93,4.85
289,2013-07-30,36.83638300000001,-119.581817,35.25,-113.75,2.0,B,Miscellaneous,27.44,35.09,18.78,0.0,30.24,88.21,2.23,7.15,4.48
290,2013-07-26,39.084567,-123.219667,35.25,-113.75,2.0,B,Missing/Undefined,25.55,30.72,22.16,3.67,60.42,88.16,1.33,4.63,2.75
291,2013-07-27,39.05765,-122.5839,35.25,-113.75,2.0,B,Missing/Undefined,26.51,31.57,20.65,6.15,51.98,87.85,0.13,5.75,3.13
292,2013-07-06,33.967683,-117.03675,35.25,-113.75,2.0,B,Miscellaneous,29.91,37.27,23.0,0.15,29.36,87.41,1.86,6.11,4.22
293,2013-07-02,41.8626,-124.207417,35.25,-113.75,2.0,B,Miscellaneous,30.87,37.71,23.79,0.25,21.78,87.76,1.91,7.48,4.38
294,2013-07-03,33.7814,-116.917283,35.25,-113.75,2.0,B,Miscellaneous,31.36,38.56,23.39,0.0,20.1,87.52,2.62,6.72,4.47
295,2013-07-24,37.455583,-120.7216,35.25,-113.75,2.0,B,Missing/Undefined,29.4,35.24,22.3,0.91,38.44,87.73,1.04,2.63,1.67
296,2013-07-19,38.815883,-121.13885,35.25,-113.75,2.0,B,Missing/Undefined,28.8,34.98,22.19,0.6,38.89,87.69,1.24,4.44,2.54
297,2013-07-04,40.1732,-123.603917,35.25,-113.75,0.1,A,Miscellaneous,31.1,37.51,24.47,0.2,19.61,87.37,2.81,7.93,4.85
298,2013-07-24,37.122483,-121.01525,35.25,-113.75,0.1,A,Miscellaneous,29.4,35.24,22.3,0.91,38.44,87.73,1.04,2.63,1.67
299,2013-07-08,34.1921,-117.364967,35.25,-113.75,0.25,A,Miscellaneous,31.8,39.35,23.15,0.0,17.06,87.77,1.35,6.75,4.22
300,2013-07-19,36.110067,-118.9556,35.25,-113.75,0.12,A,Miscellaneous,28.8,34.98,22.19,0.6,38.89,87.69,1.24,4.44,2.54
301,2013-07-26,33.0658,-116.7596,35.25,-113.75,0.12,A,Debris Burning,25.55,30.72,22.16,3.67,60.42,88.16,1.33,4.63,2.75
302,2013-07-29,37.38585,-120.613517,35.25,-113.75,0.12,A,Missing/Undefined,27.05,34.19,19.58,0.0,30.16,87.82,1.87,7.29,4.36
303,2013-07-26,40.916033,-124.079683,35.25,-113.75,0.12,A,Missing/Undefined,25.55,30.72,22.16,3.67,60.42,88.16,1.33,4.63,2.75
304,2013-07-01,37.6253,-120.74085,35.25,-113.75,0.12,A,Miscellaneous,32.63,39.88,25.09,0.16,19.27,87.65,1.48,6.49,3.76
305,2013-07-20,34.01215,-117.057467,35.25,-113.75,0.1,A,Miscellaneous,25.26,30.8,21.67,7.09,63.0,87.62,0.35,4.26,2.16
306,2013-07-04,38.7291,-121.33145,35.25,-113.75,0.1,A,Miscellaneous,31.1,37.51,24.47,0.2,19.61,87.37,2.81,7.93,4.85
307,2013-07-18,39.081217,-122.967983,35.25,-113.75,3.0,B,Miscellaneous,28.95,34.95,23.44,0.82,39.57,87.85,1.12,3.79,2.2
308,2013-07-21,33.806267,-117.234033,35.25,-113.75,3.0,B,Missing/Undefined,23.26,26.17,20.31,1.84,73.61,87.68,0.87,3.42,2.26
309,2013-07-07,32.7444,-116.974333,35.25,-113.75,3.0,B,Missing/Undefined,30.9,38.44,22.47,0.05,22.69,87.46,1.85,6.71,4.01
310,2013-07-24,39.32855,-121.341767,35.25,-113.75,3.0,B,Miscellaneous,29.4,35.24,22.3,0.91,38.44,87.73,1.04,2.63,1.67
311,2013-07-25,38.809383,-121.276417,35.25,-113.75,3.0,B,Missing/Undefined,28.45,34.48,22.74,5.45,44.06,87.91,1.96,4.75,3.63
312,2013-07-28,38.678817,-120.848717,35.25,-113.75,3.0,B,Miscellaneous,27.03,32.67,22.06,2.06,48.4,87.54,0.24,4.91,2.48
313,2013-07-21,36.2425,-120.306683,35.25,-113.75,3.0,B,Missing/Undefined,23.26,26.17,20.31,1.84,73.61,87.68,0.87,3.42,2.26
314,2013-07-05,41.249283,-121.1048,35.25,-113.75,3.0,B,Miscellaneous,27.72,33.22,22.96,0.07,34.28,87.44,1.82,10.51,6.72
315,2013-07-09,40.476633,-122.1801,35.25,-113.75,3.0,B,Missing/Undefined,30.42,36.82,22.54,0.0,20.77,88.01,1.04,5.09,3.27
316,2013-07-19,38.784,-122.773167,35.25,-113.75,3.0,B,Missing/Undefined,28.8,34.98,22.19,0.6,38.89,87.69,1.24,4.44,2.54
317,2013-07-17,37.010317,-119.875633,35.25,-113.75,1.0,B,Missing/Undefined,27.64,33.14,21.85,0.96,42.3,88.02,0.47,4.54,2.51
318,2013-07-03,36.122067,-120.374483,35.25,-113.75,1.0,B,Miscellaneous,31.36,38.56,23.39,0.0,20.1,87.52,2.62,6.72,4.47
319,2013-07-16,37.056733,-121.016283,35.25,-113.75,1.0,B,Missing/Undefined,28.06,33.9,21.94,1.65,37.13,87.7,2.66,7.6,5.02
320,2013-07-05,37.086533,-120.212583,35.25,-113.75,20.0,C,Missing/Undefined,27.72,33.22,22.96,0.07,34.28,87.44,1.82,10.51,6.72
321,2013-07-11,37.16,-120.298333,35.25,-113.75,1.0,B,Missing/Undefined,24.68,29.02,22.14,0.88,54.15,87.77,0.9,6.02,4.4
322,2013-07-01,34.438317,-116.974483,35.25,-113.75,0.1,A,Debris Burning,32.63,39.88,25.09,0.16,19.27,87.65,1.48,6.49,3.76
323,2013-07-02,36.59655,-118.072617,35.25,-113.75,0.1,A,Missing/Undefined,30.87,37.71,23.79,0.25,21.78,87.76,1.91,7.48,4.38
324,2013-07-16,33.884967,-117.2349,35.25,-113.75,0.1,A,Missing/Undefined,28.06,33.9,21.94,1.65,37.13,87.7,2.66,7.6,5.02
325,2013-07-30,34.004917,-117.430967,35.25,-113.75,0.1,A,Missing/Undefined,27.44,35.09,18.78,0.0,30.24,88.21,2.23,7.15,4.48
326,2013-07-05,36.799367,-121.721333,35.25,-113.75,0.1,A,Miscellaneous,27.72,33.22,22.96,0.07,34.28,87.44,1.82,10.51,6.72
327,2013-07-31,37.448433,-120.7493,35.25,-113.75,0.1,A,Missing/Undefined,28.05,34.83,21.3,0.0,31.96,88.07,2.06,7.41,4.41
328,2013-07-05,40.099367,-123.796783,35.25,-113.75,0.2,A,Missing/Undefined,27.72,33.22,22.96,0.07,34.28,87.44,1.82,10.51,6.72
329,2013-07-01,33.721183,-116.2246,35.25,-113.75,0.1,A,Missing/Undefined,32.63,39.88,25.09,0.16,19.27,87.65,1.48,6.49,3.76
330,2013-07-05,38.476533,-122.9238,35.25,-113.75,0.1,A,Missing/Undefined,27.72,33.22,22.96,0.07,34.28,87.44,1.82,10.51,6.72
331,2013-07-13,39.20455,-121.562883,35.25,-113.75,0.1,A,Miscellaneous,28.38,34.09,20.5,1.55,37.96,87.8,1.16,3.32,2.25
332,2013-07-03,36.615217,-121.9316,35.25,-113.75,0.1,A,Miscellaneous,31.36,38.56,23.39,0.0,20.1,87.52,2.62,6.72,4.47
333,2013-07-25,37.139233,-122.094583,35.25,-113.75,0.1,A,Miscellaneous,28.45,34.48,22.74,5.45,44.06,87.91,1.96,4.75,3.63
334,2013-07-03,38.5206,-122.978133,35.25,-113.75,0.1,A,Missing/Undefined,31.36,38.56,23.39,0.0,20.1,87.52,2.62,6.72,4.47
335,2013-07-05,39.313233,-120.29165,35.25,-113.75,0.1,A,Missing/Undefined,27.72,33.22,22.96,0.07,34.28,87.44,1.82,10.51,6.72
336,2013-07-02,38.952883,-121.1074,35.25,-113.75,2.5,B,Missing/Undefined,30.87,37.71,23.79,0.25,21.78,87.76,1.91,7.48,4.38
337,2013-07-17,33.886967,-117.346,35.25,-113.75,0.5,B,Missing/Undefined,27.64,33.14,21.85,0.96,42.3,88.02,0.47,4.54,2.51
338,2013-07-12,35.65548300000001,-120.399767,35.25,-113.75,0.5,B,Miscellaneous,26.59,31.75,20.79,0.52,46.26,87.74,1.05,6.08,3.25
339,2013-07-26,37.079017,-122.084833,35.25,-113.75,0.5,B,Missing/Undefined,25.55,30.72,22.16,3.67,60.42,88.16,1.33,4.63,2.75
340,2013-07-01,38.66,-120.9497,35.25,-113.75,5.0,B,Miscellaneous,32.63,39.88,25.09,0.16,19.27,87.65,1.48,6.49,3.76
341,2013-07-14,34.37195,-116.814783,35.25,-113.75,1.0,B,Miscellaneous,29.59,34.69,23.69,1.48,32.98,87.75,0.26,3.42,1.77
342,2013-07-19,36.720833,-119.302017,35.25,-113.75,1.0,B,Miscellaneous,28.8,34.98,22.19,0.6,38.89,87.69,1.24,4.44,2.54
343,2013-07-31,36.757467,-119.6584,35.25,-113.75,20.0,C,Missing/Undefined,28.05,34.83,21.3,0.0,31.96,88.07,2.06,7.41,4.41
344,2013-07-16,38.728817,-121.358817,35.25,-113.75,1.0,B,Missing/Undefined,28.06,33.9,21.94,1.65,37.13,87.7,2.66,7.6,5.02
345,2013-07-04,33.691783,-117.2713,35.25,-113.75,1.0,B,Miscellaneous,31.1,37.51,24.47,0.2,19.61,87.37,2.81,7.93,4.85
346,2013-07-07,37.2392,-121.86925,35.25,-113.75,1.0,B,Missing/Undefined,30.9,38.44,22.47,0.05,22.69,87.46,1.85,6.71,4.01
347,2013-07-04,35.7156,-120.581783,35.25,-113.75,0.1,A,Missing/Undefined,31.1,37.51,24.47,0.2,19.61,87.37,2.81,7.93,4.85
348,2013-07-04,33.931517,-117.265733,35.25,-113.75,0.1,A,Missing/Undefined,31.1,37.51,24.47,0.2,19.61,87.37,2.81,7.93,4.85
349,2013-07-20,40.169417,-122.161967,35.25,-113.75,0.1,A,Miscellaneous,25.26,30.8,21.67,7.09,63.0,87.62,0.35,4.26,2.16
350,2013-07-27,37.624533,-120.985383,35.25,-113.75,0.1,A,Miscellaneous,26.51,31.57,20.65,6.15,51.98,87.85,0.13,5.75,3.13
351,2013-07-04,38.8794,-123.14985,35.25,-113.75,0.1,A,Miscellaneous,31.1,37.51,24.47,0.2,19.61,87.37,2.81,7.93,4.85
352,2013-07-25,36.940983,-121.7725,35.25,-113.75,0.1,A,Miscellaneous,28.45,34.48,22.74,5.45,44.06,87.91,1.96,4.75,3.63
353,2013-07-06,41.085333,-120.898333,35.25,-113.75,0.1,A,Miscellaneous,29.91,37.27,23.0,0.15,29.36,87.41,1.86,6.11,4.22
354,2013-07-02,34.439383,-116.9449,35.25,-113.75,0.1,A,Debris Burning,30.87,37.71,23.79,0.25,21.78,87.76,1.91,7.48,4.38
355,2013-07-02,37.042567,-120.158967,35.25,-113.75,0.1,A,Missing/Undefined,30.87,37.71,23.79,0.25,21.78,87.76,1.91,7.48,4.38
356,2013-07-20,34.00715,-117.0372,35.25,-113.75,0.1,A,Miscellaneous,25.26,30.8,21.67,7.09,63.0,87.62,0.35,4.26,2.16
357,2013-07-02,39.680033,-122.531633,35.25,-113.75,0.25,A,Missing/Undefined,30.87,37.71,23.79,0.25,21.78,87.76,1.91,7.48,4.38
358,2013-07-11,38.16045,-120.87065,35.25,-113.75,1.5,B,Miscellaneous,24.68,29.02,22.14,0.88,54.15,87.77,0.9,6.02,4.4
359,2013-07-19,40.696883,-122.151983,35.25,-113.75,1.4,B,Missing/Undefined,28.8,34.98,22.19,0.6,38.89,87.69,1.24,4.44,2.54
360,2013-07-05,37.6399,-120.57135,35.25,-113.75,1.3,B,Missing/Undefined,27.72,33.22,22.96,0.07,34.28,87.44,1.82,10.51,6.72
361,2013-07-19,37.974183,-120.653817,35.25,-113.75,1.3,B,Missing/Undefined,28.8,34.98,22.19,0.6,38.89,87.69,1.24,4.44,2.54
362,2013-07-01,33.921683,-116.981317,35.25,-113.75,1.0,B,Missing/Undefined,32.63,39.88,25.09,0.16,19.27,87.65,1.48,6.49,3.76
363,2013-07-02,39.914233,-123.242867,35.25,-113.75,0.5,B,Miscellaneous,30.87,37.71,23.79,0.25,21.78,87.76,1.91,7.48,4.38
364,2013-07-02,37.055,-121.016117,35.25,-113.75,0.5,B,Missing/Undefined,30.87,37.71,23.79,0.25,21.78,87.76,1.91,7.48,4.38
365,2013-07-25,36.93425,-120.837933,35.25,-113.75,0.5,B,Missing/Undefined,28.45,34.48,22.74,5.45,44.06,87.91,1.96,4.75,3.63
366,2013-07-16,39.709767,-121.84165,35.25,-113.75,0.1,A,Miscellaneous,28.06,33.9,21.94,1.65,37.13,87.7,2.66,7.6,5.02
367,2013-07-11,33.013483,-116.90535,35.25,-113.75,0.1,A,Missing/Undefined,24.68,29.02,22.14,0.88,54.15,87.77,0.9,6.02,4.4
368,2013-07-05,40.077467,-122.2569,35.25,-113.75,0.1,A,Miscellaneous,27.72,33.22,22.96,0.07,34.28,87.44,1.82,10.51,6.72
369,2013-07-04,38.728817,-121.364633,35.25,-113.75,0.1,A,Missing/Undefined,31.1,37.51,24.47,0.2,19.61,87.37,2.81,7.93,4.85
370,2013-07-05,40.0877,-123.810717,35.25,-113.75,0.1,A,Missing/Undefined,27.72,33.22,22.96,0.07,34.28,87.44,1.82,10.51,6.72
371,2013-07-12,40.258733,-122.206133,35.25,-113.75,1.0,B,Miscellaneous,26.59,31.75,20.79,0.52,46.26,87.74,1.05,6.08,3.25
372,2013-07-22,39.31495,-121.276467,35.25,-113.75,1.0,B,Miscellaneous,25.24,30.4,19.78,0.24,58.63,87.83,1.49,5.43,3.36
373,2013-07-20,35.710783,-120.310467,35.25,-113.75,0.5,B,Miscellaneous,25.26,30.8,21.67,7.09,63.0,87.62,0.35,4.26,2.16
374,2013-07-04,41.925417,-122.57645,35.25,-113.75,0.27,B,Miscellaneous,31.1,37.51,24.47,0.2,19.61,87.37,2.81,7.93,4.85
375,2013-07-18,33.735433,-117.0802,35.25,-113.75,0.05,A,Missing/Undefined,28.95,34.95,23.44,0.82,39.57,87.85,1.12,3.79,2.2
376,2013-07-22,40.621833,-122.259833,35.25,-113.75,2.3,B,Missing/Undefined,25.24,30.4,19.78,0.24,58.63,87.83,1.49,5.43,3.36
377,2013-07-08,39.777667,-121.9051,35.25,-113.75,0.1,A,Missing/Undefined,31.8,39.35,23.15,0.0,17.06,87.77,1.35,6.75,4.22
378,2013-07-04,33.71275,-117.2408,35.25,-113.75,0.1,A,Miscellaneous,31.1,37.51,24.47,0.2,19.61,87.37,2.81,7.93,4.85
379,2013-07-05,38.413317,-122.973333,35.25,-113.75,0.1,A,Miscellaneous,27.72,33.22,22.96,0.07,34.28,87.44,1.82,10.51,6.72
380,2013-07-29,39.199033,-121.510867,35.25,-113.75,0.1,A,Miscellaneous,27.05,34.19,19.58,0.0,30.16,87.82,1.87,7.29,4.36
381,2013-07-31,39.713767,-121.71155,35.25,-113.75,0.1,A,Missing/Undefined,28.05,34.83,21.3,0.0,31.96,88.07,2.06,7.41,4.41
382,2013-07-29,37.30235,-120.651083,35.25,-113.75,0.1,A,Missing/Undefined,27.05,34.19,19.58,0.0,30.16,87.82,1.87,7.29,4.36
383,2013-07-06,35.756067,-120.896633,35.25,-113.75,0.1,A,Miscellaneous,29.91,37.27,23.0,0.15,29.36,87.41,1.86,6.11,4.22
384,2013-07-21,33.598233,-116.233367,35.25,-113.75,0.1,A,Miscellaneous,23.26,26.17,20.31,1.84,73.61,87.68,0.87,3.42,2.26
385,2013-07-13,36.905833,-121.820217,35.25,-113.75,0.1,A,Missing/Undefined,28.38,34.09,20.5,1.55,37.96,87.8,1.16,3.32,2.25
386,2013-07-08,36.3904,-118.9541,35.25,-113.75,0.1,A,Miscellaneous,31.8,39.35,23.15,0.0,17.06,87.77,1.35,6.75,4.22
387,2013-07-10,36.679367,-119.792667,35.25,-113.75,0.1,A,Miscellaneous,28.47,34.62,22.04,0.11,29.37,87.85,0.53,5.37,2.54
388,2013-07-14,39.181333,-121.54465,35.25,-113.75,1.0,B,Missing/Undefined,29.59,34.69,23.69,1.48,32.98,87.75,0.26,3.42,1.77
389,2013-07-05,33.926717,-116.9211,35.25,-113.75,0.1,A,Missing/Undefined,27.72,33.22,22.96,0.07,34.28,87.44,1.82,10.51,6.72
390,2013-07-04,39.525967,-121.469383,35.25,-113.75,0.1,A,Miscellaneous,31.1,37.51,24.47,0.2,19.61,87.37,2.81,7.93,4.85
391,2013-07-03,38.149467,-122.4518,35.25,-113.75,0.1,A,Missing/Undefined,31.36,38.56,23.39,0.0,20.1,87.52,2.62,6.72,4.47
392,2013-07-15,36.85985,-121.593367,35.25,-113.75,0.1,A,Miscellaneous,28.88,34.48,23.93,3.31,37.74,87.54,1.93,3.5,2.48
393,2013-07-27,38.7033,-120.86025,35.25,-113.75,0.1,A,Miscellaneous,26.51,31.57,20.65,6.15,51.98,87.85,0.13,5.75,3.13
394,2013-07-09,37.098817,-122.0573,35.25,-113.75,0.1,A,Debris Burning,30.42,36.82,22.54,0.0,20.77,88.01,1.04,5.09,3.27
395,2013-07-10,37.043933,-122.061117,35.25,-113.75,0.1,A,Missing/Undefined,28.47,34.62,22.04,0.11,29.37,87.85,0.53,5.37,2.54
396,2013-07-25,37.96415,-120.635867,35.25,-113.75,0.1,A,Missing/Undefined,28.45,34.48,22.74,5.45,44.06,87.91,1.96,4.75,3.63
397,2013-07-09,33.975266999999995,-117.098983,35.25,-113.75,0.1,A,Miscellaneous,30.42,36.82,22.54,0.0,20.77,88.01,1.04,5.09,3.27
398,2013-07-04,33.88982,-117.751819,35.25,-113.75,0.1,A,Miscellaneous,31.1,37.51,24.47,0.2,19.61,87.37,2.81,7.93,4.85
399,2013-07-03,41.288167,-121.562167,35.25,-113.75,0.1,A,Miscellaneous,31.36,38.56,23.39,0.0,20.1,87.52,2.62,6.72,4.47
400,2013-07-31,37.146567,-121.9871,35.25,-113.75,0.1,A,Missing/Undefined,28.05,34.83,21.3,0.0,31.96,88.07,2.06,7.41,4.41
401,2013-07-12,40.218867,-123.599117,35.25,-113.75,7.0,B,Missing/Undefined,26.59,31.75,20.79,0.52,46.26,87.74,1.05,6.08,3.25
402,2013-07-15,37.473,-122.414333,35.25,-113.75,1.0,B,Missing/Undefined,28.88,34.48,23.93,3.31,37.74,87.54,1.93,3.5,2.48
403,2013-07-28,39.840983,-121.8057,35.25,-113.75,1.0,B,Missing/Undefined,27.03,32.67,22.06,2.06,48.4,87.54,0.24,4.91,2.48
404,2013-07-31,36.865983,-120.381717,35.25,-113.75,5.0,B,Miscellaneous,28.05,34.83,21.3,0.0,31.96,88.07,2.06,7.41,4.41
405,2013-07-21,37.071717,-119.763433,35.25,-113.75,100.0,D,Miscellaneous,23.26,26.17,20.31,1.84,73.61,87.68,0.87,3.42,2.26
406,2013-07-08,39.19855,-121.29845,35.25,-113.75,74.0,C,Missing/Undefined,31.8,39.35,23.15,0.0,17.06,87.77,1.35,6.75,4.22
407,2013-07-25,37.017333,-122.062533,35.25,-113.75,1.0,B,Missing/Undefined,28.45,34.48,22.74,5.45,44.06,87.91,1.96,4.75,3.63
408,2013-07-22,38.816417,-120.864967,35.25,-113.75,0.02,A,Miscellaneous,25.24,30.4,19.78,0.24,58.63,87.83,1.49,5.43,3.36
409,2013-07-14,37.360667,-120.549417,35.25,-113.75,0.1,A,Missing/Undefined,29.59,34.69,23.69,1.48,32.98,87.75,0.26,3.42,1.77
410,2013-07-23,35.9096,-118.914483,35.25,-113.75,0.1,A,Miscellaneous,26.57,31.51,20.9,1.14,48.26,87.85,0.59,2.7,1.84
411,2013-07-12,38.17405,-122.522283,35.25,-113.75,0.1,A,Miscellaneous,26.59,31.75,20.79,0.52,46.26,87.74,1.05,6.08,3.25
412,2013-07-04,32.950167,-116.964,35.25,-113.75,0.1,A,Missing/Undefined,31.1,37.51,24.47,0.2,19.61,87.37,2.81,7.93,4.85
413,2013-07-20,33.416283,-117.15195,35.25,-113.75,0.1,A,Miscellaneous,25.26,30.8,21.67,7.09,63.0,87.62,0.35,4.26,2.16
414,2013-07-31,35.449983,-120.932583,35.25,-113.75,0.1,A,Missing/Undefined,28.05,34.83,21.3,0.0,31.96,88.07,2.06,7.41,4.41
415,2013-07-05,40.9645,-120.903,35.25,-113.75,0.1,A,Miscellaneous,27.72,33.22,22.96,0.07,34.28,87.44,1.82,10.51,6.72
416,2013-07-31,36.96945,-120.880517,35.25,-113.75,0.1,A,Debris Burning,28.05,34.83,21.3,0.0,31.96,88.07,2.06,7.41,4.41
417,2013-07-31,33.588183,-114.570317,35.25,-113.75,0.1,A,Miscellaneous,28.05,34.83,21.3,0.0,31.96,88.07,2.06,7.41,4.41
418,2013-07-06,37.058283,-119.921317,35.25,-113.75,0.1,A,Miscellaneous,29.91,37.27,23.0,0.15,29.36,87.41,1.86,6.11,4.22
419,2013-07-09,33.942367,-117.555783,35.25,-113.75,0.1,A,Missing/Undefined,30.42,36.82,22.54,0.0,20.77,88.01,1.04,5.09,3.27
420,2013-07-21,38.547933,-122.5126,35.25,-113.75,0.1,A,Missing/Undefined,23.26,26.17,20.31,1.84,73.61,87.68,0.87,3.42,2.26
421,2013-07-06,39.2486,-120.708883,35.25,-113.75,0.1,A,Miscellaneous,29.91,37.27,23.0,0.15,29.36,87.41,1.86,6.11,4.22
422,2013-07-29,36.150917,-120.3189,35.25,-113.75,0.1,A,Missing/Undefined,27.05,34.19,19.58,0.0,30.16,87.82,1.87,7.29,4.36
423,2013-07-30,34.4347,-117.554833,35.25,-113.75,0.1,A,Missing/Undefined,27.44,35.09,18.78,0.0,30.24,88.21,2.23,7.15,4.48
424,2013-07-23,39.370217,-123.388667,35.25,-113.75,0.1,A,Miscellaneous,26.57,31.51,20.9,1.14,48.26,87.85,0.59,2.7,1.84
425,2013-07-26,37.247883,-120.40775,35.25,-113.75,0.1,A,Missing/Undefined,25.55,30.72,22.16,3.67,60.42,88.16,1.33,4.63,2.75
426,2013-07-19,38.796283,-120.880183,35.25,-113.75,0.1,A,Miscellaneous,28.8,34.98,22.19,0.6,38.89,87.69,1.24,4.44,2.54
427,2013-07-05,41.775617,-124.18035,35.25,-113.75,0.1,A,Miscellaneous,27.72,33.22,22.96,0.07,34.28,87.44,1.82,10.51,6.72
428,2013-07-30,38.79765,-122.553133,35.25,-113.75,1.0,B,Missing/Undefined,27.44,35.09,18.78,0.0,30.24,88.21,2.23,7.15,4.48
429,2013-07-06,38.87945,-123.6489,35.25,-113.75,1.0,B,Missing/Undefined,29.91,37.27,23.0,0.15,29.36,87.41,1.86,6.11,4.22
430,2013-07-26,40.680883,-122.030783,35.25,-113.75,1.0,B,Missing/Undefined,25.55,30.72,22.16,3.67,60.42,88.16,1.33,4.63,2.75
431,2013-07-15,35.370067,-120.406317,35.25,-113.75,1.0,B,Miscellaneous,28.88,34.48,23.93,3.31,37.74,87.54,1.93,3.5,2.48
432,2013-07-19,36.9994,-120.033067,35.25,-113.75,1.0,B,Missing/Undefined,28.8,34.98,22.19,0.6,38.89,87.69,1.24,4.44,2.54
433,2013-07-01,37.419617,-120.6676,35.25,-113.75,5.0,B,Missing/Undefined,32.63,39.88,25.09,0.16,19.27,87.65,1.48,6.49,3.76
434,2013-07-03,39.9156,-123.57945,35.25,-113.75,1.0,B,Miscellaneous,31.36,38.56,23.39,0.0,20.1,87.52,2.62,6.72,4.47
435,2013-07-08,34.003617,-117.458017,35.25,-113.75,1.0,B,Miscellaneous,31.8,39.35,23.15,0.0,17.06,87.77,1.35,6.75,4.22
436,2013-07-27,33.755367,-117.283583,35.25,-113.75,1.0,B,Missing/Undefined,26.51,31.57,20.65,6.15,51.98,87.85,0.13,5.75,3.13
437,2013-07-25,33.99945,-117.020433,35.25,-113.75,1.0,B,Missing/Undefined,28.45,34.48,22.74,5.45,44.06,87.91,1.96,4.75,3.63
438,2013-07-22,35.571867,-120.698433,35.25,-113.75,0.1,A,Missing/Undefined,25.24,30.4,19.78,0.24,58.63,87.83,1.49,5.43,3.36
439,2013-07-18,39.845167,-121.587167,35.25,-113.75,0.1,A,Debris Burning,28.95,34.95,23.44,0.82,39.57,87.85,1.12,3.79,2.2
440,2013-07-08,41.654733,-122.556717,35.25,-113.75,0.1,A,Missing/Undefined,31.8,39.35,23.15,0.0,17.06,87.77,1.35,6.75,4.22
441,2013-07-26,38.929233,-121.087933,35.25,-113.75,1.5,B,Missing/Undefined,25.55,30.72,22.16,3.67,60.42,88.16,1.33,4.63,2.75
442,2013-07-09,33.932367,-117.555783,35.25,-113.75,0.3,B,Missing/Undefined,30.42,36.82,22.54,0.0,20.77,88.01,1.04,5.09,3.27
443,2013-07-27,39.34825,-121.7212,35.25,-113.75,0.1,A,Debris Burning,26.51,31.57,20.65,6.15,51.98,87.85,0.13,5.75,3.13
444,2013-07-08,40.820683,-123.955883,35.25,-113.75,0.1,A,Missing/Undefined,31.8,39.35,23.15,0.0,17.06,87.77,1.35,6.75,4.22
445,2013-07-05,36.859467,-121.363533,35.25,-113.75,0.1,A,Missing/Undefined,27.72,33.22,22.96,0.07,34.28,87.44,1.82,10.51,6.72
446,2013-07-06,40.1378,-121.953083,35.25,-113.75,0.1,A,Missing/Undefined,29.91,37.27,23.0,0.15,29.36,87.41,1.86,6.11,4.22
447,2013-07-09,37.32365,-118.39025,35.25,-113.75,0.1,A,Missing/Undefined,30.42,36.82,22.54,0.0,20.77,88.01,1.04,5.09,3.27
448,2013-07-19,39.896483,-123.751167,35.25,-113.75,0.1,A,Miscellaneous,28.8,34.98,22.19,0.6,38.89,87.69,1.24,4.44,2.54
449,2013-07-20,40.334317,-123.932683,35.25,-113.75,0.1,A,Missing/Undefined,25.26,30.8,21.67,7.09,63.0,87.62,0.35,4.26,2.16
450,2013-07-09,37.826433,-120.1905,35.25,-113.75,0.1,A,Debris Burning,30.42,36.82,22.54,0.0,20.77,88.01,1.04,5.09,3.27
451,2013-07-24,37.433717,-120.675467,35.25,-113.75,0.1,A,Miscellaneous,29.4,35.24,22.3,0.91,38.44,87.73,1.04,2.63,1.67
452,2013-07-28,38.221583,-120.490283,35.25,-113.75,0.1,A,Miscellaneous,27.03,32.67,22.06,2.06,48.4,87.54,0.24,4.91,2.48
453,2013-07-15,37.403833,-120.6496,35.25,-113.75,0.1,A,Missing/Undefined,28.88,34.48,23.93,3.31,37.74,87.54,1.93,3.5,2.48
454,2013-07-01,34.2089,-117.477267,35.25,-113.75,0.1,A,Miscellaneous,32.63,39.88,25.09,0.16,19.27,87.65,1.48,6.49,3.76
455,2013-07-08,37.600833,-121.872833,35.25,-113.75,0.1,A,Missing/Undefined,31.8,39.35,23.15,0.0,17.06,87.77,1.35,6.75,4.22
456,2013-07-04,38.84493300000001,-121.101167,35.25,-113.75,1.0,B,Miscellaneous,31.1,37.51,24.47,0.2,19.61,87.37,2.81,7.93,4.85
457,2013-07-12,36.985517,-119.971283,35.25,-113.75,1.0,B,Debris Burning,26.59,31.75,20.79,0.52,46.26,87.74,1.05,6.08,3.25
458,2013-07-04,39.143483,-121.583133,35.25,-113.75,1.0,B,Missing/Undefined,31.1,37.51,24.47,0.2,19.61,87.37,2.81,7.93,4.85
459,2013-07-16,36.632533,-120.3882,35.25,-113.75,1.0,B,Missing/Undefined,28.06,33.9,21.94,1.65,37.13,87.7,2.66,7.6,5.02
460,2013-07-03,39.34475,-121.65995,35.25,-113.75,1.0,B,Miscellaneous,31.36,38.56,23.39,0.0,20.1,87.52,2.62,6.72,4.47
461,2013-07-21,35.50945,-120.4868,35.25,-113.75,1.0,B,Miscellaneous,23.26,26.17,20.31,1.84,73.61,87.68,0.87,3.42,2.26
462,2013-07-17,32.647983,-116.494083,35.25,-113.75,1.0,B,Missing/Undefined,27.64,33.14,21.85,0.96,42.3,88.02,0.47,4.54,2.51
463,2013-07-26,35.53908300000001,-120.610833,35.25,-113.75,1.0,B,Missing/Undefined,25.55,30.72,22.16,3.67,60.42,88.16,1.33,4.63,2.75
464,2013-07-30,37.157,-120.348117,35.25,-113.75,1.0,B,Missing/Undefined,27.44,35.09,18.78,0.0,30.24,88.21,2.23,7.15,4.48
465,2013-07-21,37.719167,-121.536,35.25,-113.75,1.0,B,Missing/Undefined,23.26,26.17,20.31,1.84,73.61,87.68,0.87,3.42,2.26
466,2013-07-31,36.925917,-121.80215,35.25,-113.75,1.0,B,Missing/Undefined,28.05,34.83,21.3,0.0,31.96,88.07,2.06,7.41,4.41
467,2013-07-17,37.918367,-120.45255,35.25,-113.75,1.0,B,Missing/Undefined,27.64,33.14,21.85,0.96,42.3,88.02,0.47,4.54,2.51
468,2013-07-17,38.211833,-120.764467,35.25,-113.75,0.25,A,Missing/Undefined,27.64,33.14,21.85,0.96,42.3,88.02,0.47,4.54,2.51
469,2013-07-02,36.456567,-121.374283,35.25,-113.75,0.25,A,Miscellaneous,30.87,37.71,23.79,0.25,21.78,87.76,1.91,7.48,4.38
470,2013-07-10,40.730267,-122.318633,35.25,-113.75,0.1,A,Miscellaneous,28.47,34.62,22.04,0.11,29.37,87.85,0.53,5.37,2.54
471,2013-07-31,39.033483,-121.073217,35.25,-113.75,0.02,A,Miscellaneous,28.05,34.83,21.3,0.0,31.96,88.07,2.06,7.41,4.41
472,2013-07-04,36.94345,-121.788717,35.25,-113.75,0.1,A,Miscellaneous,31.1,37.51,24.47,0.2,19.61,87.37,2.81,7.93,4.85
473,2013-07-05,33.923533,-116.687383,35.25,-113.75,0.1,A,Missing/Undefined,27.72,33.22,22.96,0.07,34.28,87.44,1.82,10.51,6.72
474,2013-07-19,33.0658,-116.7596,35.25,-113.75,0.1,A,Miscellaneous,28.8,34.98,22.19,0.6,38.89,87.69,1.24,4.44,2.54
475,2013-07-11,37.29825,-122.07605,35.25,-113.75,0.1,A,Miscellaneous,24.68,29.02,22.14,0.88,54.15,87.77,0.9,6.02,4.4
476,2013-07-06,37.701217,-122.4495,35.25,-113.75,0.1,A,Missing/Undefined,29.91,37.27,23.0,0.15,29.36,87.41,1.86,6.11,4.22
477,2013-07-04,40.01655,-123.951917,35.25,-113.75,0.1,A,Missing/Undefined,31.1,37.51,24.47,0.2,19.61,87.37,2.81,7.93,4.85
478,2013-07-05,39.8904,-122.173867,35.25,-113.75,0.1,A,Miscellaneous,27.72,33.22,22.96,0.07,34.28,87.44,1.82,10.51,6.72
479,2013-07-26,39.37213300000001,-121.706667,35.25,-113.75,0.1,A,Missing/Undefined,25.55,30.72,22.16,3.67,60.42,88.16,1.33,4.63,2.75
480,2013-07-07,35.869433,-120.827533,35.25,-113.75,0.1,A,Missing/Undefined,30.9,38.44,22.47,0.05,22.69,87.46,1.85,6.71,4.01
481,2013-07-17,37.073717,-121.024367,35.25,-113.75,1.0,B,Missing/Undefined,27.64,33.14,21.85,0.96,42.3,88.02,0.47,4.54,2.51
482,2013-07-25,40.3876,-120.9805,35.25,-113.75,0.1,A,Miscellaneous,28.45,34.48,22.74,5.45,44.06,87.91,1.96,4.75,3.63
483,2013-07-13,39.2435,-123.135083,35.25,-113.75,0.1,A,Missing/Undefined,28.38,34.09,20.5,1.55,37.96,87.8,1.16,3.32,2.25
484,2013-07-12,34.304717,-117.3125,35.25,-113.75,0.1,A,Debris Burning,26.59,31.75,20.79,0.52,46.26,87.74,1.05,6.08,3.25
485,2013-07-09,38.514417,-122.09415,35.25,-113.75,0.1,A,Debris Burning,30.42,36.82,22.54,0.0,20.77,88.01,1.04,5.09,3.27
486,2013-07-10,37.02255,-120.076217,35.25,-113.75,0.1,A,Miscellaneous,28.47,34.62,22.04,0.11,29.37,87.85,0.53,5.37,2.54
487,2013-07-01,33.209967,-117.028933,35.25,-113.75,0.1,A,Missing/Undefined,32.63,39.88,25.09,0.16,19.27,87.65,1.48,6.49,3.76
488,2013-07-27,40.19345,-122.162333,35.25,-113.75,1.0,B,Miscellaneous,26.51,31.57,20.65,6.15,51.98,87.85,0.13,5.75,3.13
489,2013-07-05,39.321983,-123.129217,35.25,-113.75,1.0,B,Miscellaneous,27.72,33.22,22.96,0.07,34.28,87.44,1.82,10.51,6.72
490,2013-07-29,36.927,-121.8035,35.25,-113.75,1.0,B,Miscellaneous,27.05,34.19,19.58,0.0,30.16,87.82,1.87,7.29,4.36
491,2013-07-11,38.717883,-122.92325,35.25,-113.75,1.0,B,Missing/Undefined,24.68,29.02,22.14,0.88,54.15,87.77,0.9,6.02,4.4
492,2013-07-27,39.656717,-121.5916,35.25,-113.75,1.0,B,Miscellaneous,26.51,31.57,20.65,6.15,51.98,87.85,0.13,5.75,3.13
493,2013-07-13,35.657967,-120.373717,35.25,-113.75,1.0,B,Missing/Undefined,28.38,34.09,20.5,1.55,37.96,87.8,1.16,3.32,2.25
494,2013-07-04,40.9082,-124.025833,35.25,-113.75,1.0,B,Miscellaneous,31.1,37.51,24.47,0.2,19.61,87.37,2.81,7.93,4.85
495,2013-07-04,36.02558300000001,-118.9107,35.25,-113.75,0.2,A,Missing/Undefined,31.1,37.51,24.47,0.2,19.61,87.37,2.81,7.93,4.85
496,2013-07-16,37.809067,-120.665383,35.25,-113.75,0.15,A,Missing/Undefined,28.06,33.9,21.94,1.65,37.13,87.7,2.66,7.6,5.02
497,2013-07-13,37.033617,-119.9986,35.25,-113.75,0.1,A,Missing/Undefined,28.38,34.09,20.5,1.55,37.96,87.8,1.16,3.32,2.25
498,2013-07-09,38.189533,-120.61215,35.25,-113.75,0.25,A,Missing/Undefined,30.42,36.82,22.54,0.0,20.77,88.01,1.04,5.09,3.27
499,2013-07-03,33.718017,-116.19165,35.25,-113.75,0.12,A,Miscellaneous,31.36,38.56,23.39,0.0,20.1,87.52,2.62,6.72,4.47
500,2013-07-18,38.112733,-120.51365,35.25,-113.75,0.11,A,Missing/Undefined,28.95,34.95,23.44,0.82,39.57,87.85,1.12,3.79,2.2
501,2013-07-26,40.393217,-120.652733,35.25,-113.75,0.1,A,Miscellaneous,25.55,30.72,22.16,3.67,60.42,88.16,1.33,4.63,2.75
502,2013-07-15,39.66365,-121.533933,35.25,-113.75,0.1,A,Missing/Undefined,28.88,34.48,23.93,3.31,37.74,87.54,1.93,3.5,2.48
503,2013-07-06,37.127283,-120.3109,35.25,-113.75,0.1,A,Missing/Undefined,29.91,37.27,23.0,0.15,29.36,87.41,1.86,6.11,4.22
504,2013-07-18,38.7009,-120.617417,35.25,-113.75,0.1,A,Miscellaneous,28.95,34.95,23.44,0.82,39.57,87.85,1.12,3.79,2.2
505,2013-07-31,33.918983000000004,-116.77115,35.25,-113.75,0.1,A,Missing/Undefined,28.05,34.83,21.3,0.0,31.96,88.07,2.06,7.41,4.41
506,2013-07-30,37.962567,-120.632933,35.25,-113.75,0.25,A,Missing/Undefined,27.44,35.09,18.78,0.0,30.24,88.21,2.23,7.15,4.48
507,2013-07-14,38.236144,-121.051033,35.25,-113.75,0.25,A,Missing/Undefined,29.59,34.69,23.69,1.48,32.98,87.75,0.26,3.42,1.77
508,2013-07-22,39.14973300000001,-121.598417,35.25,-113.75,0.25,A,Missing/Undefined,25.24,30.4,19.78,0.24,58.63,87.83,1.49,5.43,3.36
509,2013-07-15,37.027633,-120.899317,35.25,-113.75,0.25,A,Missing/Undefined,28.88,34.48,23.93,3.31,37.74,87.54,1.93,3.5,2.48
510,2013-07-03,41.406517,-122.7503,35.25,-113.75,0.1,A,Miscellaneous,31.36,38.56,23.39,0.0,20.1,87.52,2.62,6.72,4.47
511,2013-07-07,38.177767,-122.285667,35.25,-113.75,0.1,A,Missing/Undefined,30.9,38.44,22.47,0.05,22.69,87.46,1.85,6.71,4.01
512,2013-07-01,37.911167,-121.7345,35.25,-113.75,235.0,D,Missing/Undefined,32.63,39.88,25.09,0.16,19.27,87.65,1.48,6.49,3.76
513,2013-07-16,33.99265,-117.153767,35.25,-113.75,150.0,D,Missing/Undefined,28.06,33.9,21.94,1.65,37.13,87.7,2.66,7.6,5.02
514,2013-07-12,37.444167,-121.194833,35.25,-113.75,127.0,D,Missing/Undefined,26.59,31.75,20.79,0.52,46.26,87.74,1.05,6.08,3.25
515,2013-07-03,36.457317,-121.053917,35.25,-113.75,95.0,C,Miscellaneous,31.36,38.56,23.39,0.0,20.1,87.52,2.62,6.72,4.47
516,2013-07-31,37.365083,-121.76385,35.25,-113.75,1.0,B,Missing/Undefined,28.05,34.83,21.3,0.0,31.96,88.07,2.06,7.41,4.41
517,2013-07-04,36.181367,-120.0852,35.25,-113.75,62.0,C,Miscellaneous,31.1,37.51,24.47,0.2,19.61,87.37,2.81,7.93,4.85
518,2013-07-22,37.9735,-120.701733,35.25,-113.75,31.0,C,Miscellaneous,25.24,30.4,19.78,0.24,58.63,87.83,1.49,5.43,3.36
519,2013-07-28,41.04655,-124.123233,35.25,-113.75,1.0,B,Miscellaneous,27.03,32.67,22.06,2.06,48.4,87.54,0.24,4.91,2.48
520,2013-07-20,38.912917,-122.765667,35.25,-113.75,1.0,B,Miscellaneous,25.26,30.8,21.67,7.09,63.0,87.62,0.35,4.26,2.16
521,2013-07-30,37.112933,-120.47345,35.25,-113.75,1.0,B,Miscellaneous,27.44,35.09,18.78,0.0,30.24,88.21,2.23,7.15,4.48
522,2013-07-21,40.811433,-124.023583,35.25,-113.75,1.0,B,Missing/Undefined,23.26,26.17,20.31,1.84,73.61,87.68,0.87,3.42,2.26
523,2013-07-13,37.839183,-120.863483,35.25,-113.75,1.0,B,Miscellaneous,28.38,34.09,20.5,1.55,37.96,87.8,1.16,3.32,2.25
524,2013-07-05,36.281867,-120.300733,35.25,-113.75,1.0,B,Missing/Undefined,27.72,33.22,22.96,0.07,34.28,87.44,1.82,10.51,6.72
525,2013-07-28,32.612867,-116.706267,35.25,-113.75,36.0,C,Miscellaneous,27.03,32.67,22.06,2.06,48.4,87.54,0.24,4.91,2.48
526,2013-07-21,37.148167,-121.998683,35.25,-113.75,1.0,B,Missing/Undefined,23.26,26.17,20.31,1.84,73.61,87.68,0.87,3.42,2.26
527,2013-07-25,41.885883,-122.552633,35.25,-113.75,0.1,A,Miscellaneous,28.45,34.48,22.74,5.45,44.06,87.91,1.96,4.75,3.63
528,2013-07-27,39.2494,-120.754383,35.25,-113.75,0.25,A,Miscellaneous,26.51,31.57,20.65,6.15,51.98,87.85,0.13,5.75,3.13
529,2013-07-02,39.0211,-121.09965,35.25,-113.75,0.2,A,Missing/Undefined,30.87,37.71,23.79,0.25,21.78,87.76,1.91,7.48,4.38
530,2013-07-30,37.991867,-120.241833,35.25,-113.75,0.1,A,Miscellaneous,27.44,35.09,18.78,0.0,30.24,88.21,2.23,7.15,4.48
531,2013-07-06,40.730933,-122.320067,35.25,-113.75,1.3,B,Missing/Undefined,29.91,37.27,23.0,0.15,29.36,87.41,1.86,6.11,4.22
532,2013-07-02,37.389483,-120.686233,35.25,-113.75,0.1,A,Miscellaneous,30.87,37.71,23.79,0.25,21.78,87.76,1.91,7.48,4.38
533,2013-07-02,40.5619,-122.247217,35.25,-113.75,0.1,A,Missing/Undefined,30.87,37.71,23.79,0.25,21.78,87.76,1.91,7.48,4.38
534,2013-07-29,37.8068,-120.717117,35.25,-113.75,0.25,A,Miscellaneous,27.05,34.19,19.58,0.0,30.16,87.82,1.87,7.29,4.36
535,2013-07-22,39.1596,-120.9991,35.25,-113.75,0.25,A,Missing/Undefined,25.24,30.4,19.78,0.24,58.63,87.83,1.49,5.43,3.36
536,2013-07-15,36.986283,-120.926933,35.25,-113.75,0.1,A,Missing/Undefined,28.88,34.48,23.93,3.31,37.74,87.54,1.93,3.5,2.48
537,2013-07-02,40.977833,-120.953833,35.25,-113.75,0.1,A,Miscellaneous,30.87,37.71,23.79,0.25,21.78,87.76,1.91,7.48,4.38
538,2013-07-14,38.66875,-120.929883,35.25,-113.75,0.1,A,Miscellaneous,29.59,34.69,23.69,1.48,32.98,87.75,0.26,3.42,1.77
539,2013-07-23,33.629089,-117.681843,35.25,-113.75,0.1,A,Missing/Undefined,26.57,31.51,20.9,1.14,48.26,87.85,0.59,2.7,1.84
540,2013-07-06,32.75,-116.987333,35.25,-113.75,0.1,A,Missing/Undefined,29.91,37.27,23.0,0.15,29.36,87.41,1.86,6.11,4.22
541,2013-07-20,38.489667,-123.0055,35.25,-113.75,0.1,A,Miscellaneous,25.26,30.8,21.67,7.09,63.0,87.62,0.35,4.26,2.16
542,2013-07-12,37.04743300000001,-120.146917,35.25,-113.75,0.1,A,Miscellaneous,26.59,31.75,20.79,0.52,46.26,87.74,1.05,6.08,3.25
543,2013-07-03,40.0517,-122.1562,35.25,-113.75,0.1,A,Missing/Undefined,31.36,38.56,23.39,0.0,20.1,87.52,2.62,6.72,4.47
544,2013-07-27,37.6121,-121.819883,35.25,-113.75,0.1,A,Miscellaneous,26.51,31.57,20.65,6.15,51.98,87.85,0.13,5.75,3.13
545,2013-07-31,38.246567,-120.382667,35.25,-113.75,0.1,A,Missing/Undefined,28.05,34.83,21.3,0.0,31.96,88.07,2.06,7.41,4.41
546,2013-07-23,38.97855,-123.06475,35.25,-113.75,46.0,C,Missing/Undefined,26.57,31.51,20.9,1.14,48.26,87.85,0.59,2.7,1.84
547,2013-07-12,39.169067,-121.4391,35.25,-113.75,37.0,C,Miscellaneous,26.59,31.75,20.79,0.52,46.26,87.74,1.05,6.08,3.25
548,2013-07-24,38.520983,-121.201933,35.25,-113.75,36.9,C,Missing/Undefined,29.4,35.24,22.3,0.91,38.44,87.73,1.04,2.63,1.67
549,2013-07-02,38.67155,-122.444667,35.25,-113.75,1.0,B,Missing/Undefined,30.87,37.71,23.79,0.25,21.78,87.76,1.91,7.48,4.38
550,2013-07-29,37.349683,-120.555417,35.25,-113.75,1.0,B,Missing/Undefined,27.05,34.19,19.58,0.0,30.16,87.82,1.87,7.29,4.36
551,2013-07-08,39.3751,-121.706667,35.25,-113.75,1.0,B,Missing/Undefined,31.8,39.35,23.15,0.0,17.06,87.77,1.35,6.75,4.22
552,2013-07-08,39.343783,-121.12125,35.25,-113.75,1.0,B,Missing/Undefined,31.8,39.35,23.15,0.0,17.06,87.77,1.35,6.75,4.22
553,2013-07-09,36.873767,-119.67975,35.25,-113.75,1.0,B,Missing/Undefined,30.42,36.82,22.54,0.0,20.77,88.01,1.04,5.09,3.27
554,2013-07-07,39.907117,-122.2435,35.25,-113.75,7.0,B,Miscellaneous,30.9,38.44,22.47,0.05,22.69,87.46,1.85,6.71,4.01
555,2013-07-08,36.40495,-120.368917,35.25,-113.75,1.0,B,Debris Burning,31.8,39.35,23.15,0.0,17.06,87.77,1.35,6.75,4.22
556,2013-07-09,40.6464,-122.5642,35.25,-113.75,1.0,B,Missing/Undefined,30.42,36.82,22.54,0.0,20.77,88.01,1.04,5.09,3.27
557,2013-07-28,38.88795,-122.66585,35.25,-113.75,1.0,B,Missing/Undefined,27.03,32.67,22.06,2.06,48.4,87.54,0.24,4.91,2.48
558,2013-07-11,39.204483,-121.2528,35.25,-113.75,1.0,B,Miscellaneous,24.68,29.02,22.14,0.88,54.15,87.77,0.9,6.02,4.4
559,2013-07-06,36.408383,-118.9877,35.25,-113.75,1.0,B,Missing/Undefined,29.91,37.27,23.0,0.15,29.36,87.41,1.86,6.11,4.22
560,2013-07-08,33.957,-117.230883,35.25,-113.75,1.0,B,Missing/Undefined,31.8,39.35,23.15,0.0,17.06,87.77,1.35,6.75,4.22
561,2013-07-02,34.172233,-117.5757,35.25,-113.75,0.1,A,Miscellaneous,30.87,37.71,23.79,0.25,21.78,87.76,1.91,7.48,4.38
562,2013-07-06,37.95368300000001,-121.950917,35.25,-113.75,0.1,A,Missing/Undefined,29.91,37.27,23.0,0.15,29.36,87.41,1.86,6.11,4.22
563,2013-07-02,41.755467,-121.963983,35.25,-113.75,1.0,B,Miscellaneous,30.87,37.71,23.79,0.25,21.78,87.76,1.91,7.48,4.38
564,2013-07-15,37.137767,-122.142333,35.25,-113.75,1.0,B,Missing/Undefined,28.88,34.48,23.93,3.31,37.74,87.54,1.93,3.5,2.48
565,2013-07-04,33.725406,-117.889541,35.25,-113.75,1.0,B,Miscellaneous,31.1,37.51,24.47,0.2,19.61,87.37,2.81,7.93,4.85
566,2013-07-09,34.439917,-119.631816,35.25,-113.75,1.0,B,Miscellaneous,30.42,36.82,22.54,0.0,20.77,88.01,1.04,5.09,3.27
567,2013-07-02,37.409017,-120.751917,35.25,-113.75,0.1,A,Missing/Undefined,30.87,37.71,23.79,0.25,21.78,87.76,1.91,7.48,4.38
568,2013-07-04,37.736883,-121.602167,35.25,-113.75,66.0,C,Miscellaneous,31.1,37.51,24.47,0.2,19.61,87.37,2.81,7.93,4.85
569,2013-07-05,36.986683,-120.0287,35.25,-113.75,1.0,B,Debris Burning,27.72,33.22,22.96,0.07,34.28,87.44,1.82,10.51,6.72
570,2013-07-18,37.944183,-120.609383,35.25,-113.75,0.1,A,Missing/Undefined,28.95,34.95,23.44,0.82,39.57,87.85,1.12,3.79,2.2
571,2013-07-18,37.324483,-120.531417,35.25,-113.75,0.1,A,Miscellaneous,28.95,34.95,23.44,0.82,39.57,87.85,1.12,3.79,2.2
572,2013-07-27,40.408817,-120.881317,35.25,-113.75,0.25,A,Miscellaneous,26.51,31.57,20.65,6.15,51.98,87.85,0.13,5.75,3.13
573,2013-07-13,39.4071,-123.373617,35.25,-113.75,0.25,A,Missing/Undefined,28.38,34.09,20.5,1.55,37.96,87.8,1.16,3.32,2.25
574,2013-07-15,35.734133,-120.28615,35.25,-113.75,0.25,A,Miscellaneous,28.88,34.48,23.93,3.31,37.74,87.54,1.93,3.5,2.48
575,2013-07-01,33.816417,-116.38625,35.25,-113.75,0.25,A,Missing/Undefined,32.63,39.88,25.09,0.16,19.27,87.65,1.48,6.49,3.76
576,2013-07-25,32.62585,-116.61175,35.25,-113.75,0.25,A,Missing/Undefined,28.45,34.48,22.74,5.45,44.06,87.91,1.96,4.75,3.63
577,2013-07-12,37.054417,-120.074483,35.25,-113.75,0.25,A,Missing/Undefined,26.59,31.75,20.79,0.52,46.26,87.74,1.05,6.08,3.25
578,2013-07-04,34.119833,-117.24365,35.25,-113.75,0.25,A,Missing/Undefined,31.1,37.51,24.47,0.2,19.61,87.37,2.81,7.93,4.85
579,2013-07-27,36.151667,-120.2833,35.25,-113.75,1.0,B,Missing/Undefined,26.51,31.57,20.65,6.15,51.98,87.85,0.13,5.75,3.13
580,2013-07-04,39.6525,-123.151167,35.25,-113.75,1.0,B,Miscellaneous,31.1,37.51,24.47,0.2,19.61,87.37,2.81,7.93,4.85
581,2013-07-09,36.937333,-121.79785,35.25,-113.75,0.1,A,Debris Burning,30.42,36.82,22.54,0.0,20.77,88.01,1.04,5.09,3.27
582,2013-07-19,40.7027,-122.84985,35.25,-113.75,0.1,A,Miscellaneous,28.8,34.98,22.19,0.6,38.89,87.69,1.24,4.44,2.54
583,2013-07-04,37.382633,-120.60445,35.25,-113.75,0.1,A,Missing/Undefined,31.1,37.51,24.47,0.2,19.61,87.37,2.81,7.93,4.85
584,2013-07-04,37.58395,-122.508967,35.25,-113.75,0.1,A,Missing/Undefined,31.1,37.51,24.47,0.2,19.61,87.37,2.81,7.93,4.85
585,2013-07-25,39.393167,-123.245833,35.25,-113.75,1.0,B,Miscellaneous,28.45,34.48,22.74,5.45,44.06,87.91,1.96,4.75,3.63
586,2013-07-15,40.554267,-124.060833,35.25,-113.75,1.0,B,Missing/Undefined,28.88,34.48,23.93,3.31,37.74,87.54,1.93,3.5,2.48
587,2013-07-27,37.115317,-119.866617,35.25,-113.75,1.0,B,Miscellaneous,26.51,31.57,20.65,6.15,51.98,87.85,0.13,5.75,3.13
588,2013-07-26,38.971667,-121.038333,35.25,-113.75,1.0,B,Miscellaneous,25.55,30.72,22.16,3.67,60.42,88.16,1.33,4.63,2.75
589,2013-07-13,33.63255,-117.334317,35.25,-113.75,1.0,B,Debris Burning,28.38,34.09,20.5,1.55,37.96,87.8,1.16,3.32,2.25
590,2013-07-02,37.011017,-121.504333,35.25,-113.75,1.0,B,Missing/Undefined,30.87,37.71,23.79,0.25,21.78,87.76,1.91,7.48,4.38
591,2013-07-18,37.8148,-120.656483,35.25,-113.75,9.0,B,Missing/Undefined,28.95,34.95,23.44,0.82,39.57,87.85,1.12,3.79,2.2
592,2013-07-10,37.462867,-119.750517,35.25,-113.75,1.0,B,Debris Burning,28.47,34.62,22.04,0.11,29.37,87.85,0.53,5.37,2.54
593,2013-07-12,36.663533,-119.376267,35.25,-113.75,1.0,B,Missing/Undefined,26.59,31.75,20.79,0.52,46.26,87.74,1.05,6.08,3.25
594,2013-07-03,33.6539,-117.292583,35.25,-113.75,0.1,A,Missing/Undefined,31.36,38.56,23.39,0.0,20.1,87.52,2.62,6.72,4.47
595,2013-07-22,38.582633,-120.737983,35.25,-113.75,0.1,A,Miscellaneous,25.24,30.4,19.78,0.24,58.63,87.83,1.49,5.43,3.36
596,2013-07-12,39.4335,-121.60505,35.25,-113.75,15.0,C,Miscellaneous,26.59,31.75,20.79,0.52,46.26,87.74,1.05,6.08,3.25
597,2013-07-17,37.983783,-120.314033,35.25,-113.75,1.0,B,Missing/Undefined,27.64,33.14,21.85,0.96,42.3,88.02,0.47,4.54,2.51
598,2013-07-14,38.450833,-120.484533,35.25,-113.75,0.1,A,Missing/Undefined,29.59,34.69,23.69,1.48,32.98,87.75,0.26,3.42,1.77
599,2013-07-09,34.114017,-117.23705,35.25,-113.75,0.1,A,Missing/Undefined,30.42,36.82,22.54,0.0,20.77,88.01,1.04,5.09,3.27
600,2013-07-28,36.265983,-120.381717,35.25,-113.75,10.0,C,Missing/Undefined,27.03,32.67,22.06,2.06,48.4,87.54,0.24,4.91,2.48
601,2013-07-01,39.92365,-121.732333,35.25,-113.75,0.25,A,Miscellaneous,32.63,39.88,25.09,0.16,19.27,87.65,1.48,6.49,3.76
602,2013-07-10,37.3968,-120.714433,35.25,-113.75,0.25,A,Miscellaneous,28.47,34.62,22.04,0.11,29.37,87.85,0.53,5.37,2.54
603,2013-07-05,33.771011,-117.867373,35.25,-113.75,0.05,A,Miscellaneous,27.72,33.22,22.96,0.07,34.28,87.44,1.82,10.51,6.72
604,2013-07-04,33.733626,-117.852309,35.25,-113.75,0.05,A,Miscellaneous,31.1,37.51,24.47,0.2,19.61,87.37,2.81,7.93,4.85
605,2013-07-25,33.96065,-117.25275,35.25,-113.75,0.05,A,Missing/Undefined,28.45,34.48,22.74,5.45,44.06,87.91,1.96,4.75,3.63
606,2013-07-08,36.645733,-119.736833,35.25,-113.75,0.03,A,Miscellaneous,31.8,39.35,23.15,0.0,17.06,87.77,1.35,6.75,4.22
607,2013-07-25,38.36755,-122.304583,35.25,-113.75,0.03,A,Miscellaneous,28.45,34.48,22.74,5.45,44.06,87.91,1.96,4.75,3.63
608,2013-07-15,36.978333,-121.866667,35.25,-113.75,0.02,A,Missing/Undefined,28.88,34.48,23.93,3.31,37.74,87.54,1.93,3.5,2.48
609,2013-07-22,38.8603,-122.7106,35.25,-113.75,0.02,A,Missing/Undefined,25.24,30.4,19.78,0.24,58.63,87.83,1.49,5.43,3.36
610,2013-07-18,39.102833,-121.0985,35.25,-113.75,0.02,A,Miscellaneous,28.95,34.95,23.44,0.82,39.57,87.85,1.12,3.79,2.2
611,2013-07-04,40.038933,-124.079083,35.25,-113.75,2.0,B,Miscellaneous,31.1,37.51,24.47,0.2,19.61,87.37,2.81,7.93,4.85
612,2013-07-08,36.766267,-119.582567,35.25,-113.75,2.0,B,Miscellaneous,31.8,39.35,23.15,0.0,17.06,87.77,1.35,6.75,4.22
613,2013-07-08,36.807067,-121.520433,35.25,-113.75,1.7,B,Miscellaneous,31.8,39.35,23.15,0.0,17.06,87.77,1.35,6.75,4.22
614,2013-07-19,37.855917,-120.369867,35.25,-113.75,1.66,B,Miscellaneous,28.8,34.98,22.19,0.6,38.89,87.69,1.24,4.44,2.54
615,2013-07-25,40.427033,-122.170917,35.25,-113.75,1.6,B,Miscellaneous,28.45,34.48,22.74,5.45,44.06,87.91,1.96,4.75,3.63
616,2013-07-16,33.888233,-117.363867,35.25,-113.75,0.5,B,Miscellaneous,28.06,33.9,21.94,1.65,37.13,87.7,2.66,7.6,5.02
617,2013-07-14,39.149633,-121.599617,35.25,-113.75,0.5,B,Missing/Undefined,29.59,34.69,23.69,1.48,32.98,87.75,0.26,3.42,1.77
618,2013-07-04,37.0411,-120.85385,35.25,-113.75,0.5,B,Missing/Undefined,31.1,37.51,24.47,0.2,19.61,87.37,2.81,7.93,4.85
619,2013-07-01,35.172367,-120.718483,35.25,-113.75,0.5,B,Miscellaneous,32.63,39.88,25.09,0.16,19.27,87.65,1.48,6.49,3.76
620,2013-07-10,39.131383,-122.907767,35.25,-113.75,0.5,B,Missing/Undefined,28.47,34.62,22.04,0.11,29.37,87.85,0.53,5.37,2.54
621,2013-07-04,37.743333,-121.563833,35.25,-113.75,20.0,C,Miscellaneous,31.1,37.51,24.47,0.2,19.61,87.37,2.81,7.93,4.85
622,2013-07-12,39.347617,-121.3309,35.25,-113.75,2.0,B,Missing/Undefined,26.59,31.75,20.79,0.52,46.26,87.74,1.05,6.08,3.25
623,2013-07-26,38.833317,-122.212867,35.25,-113.75,2.0,B,Miscellaneous,25.55,30.72,22.16,3.67,60.42,88.16,1.33,4.63,2.75
624,2013-07-25,33.4958,-117.052383,35.25,-113.75,2.0,B,Missing/Undefined,28.45,34.48,22.74,5.45,44.06,87.91,1.96,4.75,3.63
625,2013-07-24,35.64774,-120.729445,35.25,-113.75,0.05,A,Miscellaneous,29.4,35.24,22.3,0.91,38.44,87.73,1.04,2.63,1.67
626,2013-07-25,38.04125300000001,-121.988022,35.25,-113.75,120.0,D,Missing/Undefined,28.45,34.48,22.74,5.45,44.06,87.91,1.96,4.75,3.63
627,2013-07-01,37.970333,-121.921833,35.25,-113.75,492.0,E,Miscellaneous,32.63,39.88,25.09,0.16,19.27,87.65,1.48,6.49,3.76
628,2013-07-01,39.120458,-122.291301,35.25,-113.75,5.0,B,Missing/Undefined,32.63,39.88,25.09,0.16,19.27,87.65,1.48,6.49,3.76
629,2013-07-12,38.970198,-121.274661,35.25,-113.75,1.0,B,Missing/Undefined,26.59,31.75,20.79,0.52,46.26,87.74,1.05,6.08,3.25
630,2013-07-09,40.81889,-124.18528,35.25,-113.75,1.0,B,Missing/Undefined,30.42,36.82,22.54,0.0,20.77,88.01,1.04,5.09,3.27
631,2013-07-28,36.8586,-120.381828,35.25,-113.75,10.0,C,Missing/Undefined,27.03,32.67,22.06,2.06,48.4,87.54,0.24,4.91,2.48
632,2013-07-23,39.109571,-121.041537,35.25,-113.75,4.0,B,Missing/Undefined,26.57,31.51,20.9,1.14,48.26,87.85,0.59,2.7,1.84
633,2013-07-16,35.292033,-120.689916,35.25,-113.75,1.0,B,Miscellaneous,28.06,33.9,21.94,1.65,37.13,87.7,2.66,7.6,5.02
634,2013-07-26,38.693622,-120.818966,35.25,-113.75,0.1,A,Miscellaneous,25.55,30.72,22.16,3.67,60.42,88.16,1.33,4.63,2.75
635,2013-07-06,35.61666599999999,-119.966666,35.25,-113.75,0.01,A,Missing/Undefined,29.91,37.27,23.0,0.15,29.36,87.41,1.86,6.11,4.22
636,2013-07-21,37.69633036,-120.9049101,35.25,-113.75,0.02,A,Missing/Undefined,23.26,26.17,20.31,1.84,73.61,87.68,0.87,3.42,2.26
637,2013-07-26,35.166666,-118.533333,35.25,-113.75,1.0,B,Missing/Undefined,25.55,30.72,22.16,3.67,60.42,88.16,1.33,4.63,2.75
638,2013-07-04,33.238737,-116.768887,35.25,-113.75,0.5,B,Miscellaneous,31.1,37.51,24.47,0.2,19.61,87.37,2.81,7.93,4.85
639,2013-07-08,34.933333000000005,-118.183333,35.25,-113.75,0.12,A,Miscellaneous,31.8,39.35,23.15,0.0,17.06,87.77,1.35,6.75,4.22
640,2013-07-07,38.50900279,-122.9290138,35.25,-113.75,0.01,A,Miscellaneous,30.9,38.44,22.47,0.05,22.69,87.46,1.85,6.71,4.01
641,2013-07-13,38.413209,-120.693875,35.25,-113.75,0.25,A,Miscellaneous,28.38,34.09,20.5,1.55,37.96,87.8,1.16,3.32,2.25
642,2013-07-25,37.721949,-121.526298,35.25,-113.75,3.0,B,Missing/Undefined,28.45,34.48,22.74,5.45,44.06,87.91,1.96,4.75,3.63
643,2013-07-08,38.407815,-120.915861,35.25,-113.75,0.1,A,Miscellaneous,31.8,39.35,23.15,0.0,17.06,87.77,1.35,6.75,4.22
644,2013-07-28,34.766666,-120.266666,35.25,-113.75,0.25,A,Missing/Undefined,27.03,32.67,22.06,2.06,48.4,87.54,0.24,4.91,2.48
645,2013-07-30,40.65124,-122.93987,35.25,-113.75,0.1,A,Missing/Undefined,27.44,35.09,18.78,0.0,30.24,88.21,2.23,7.15,4.48
646,2013-07-16,38.216666,-122.933333,35.25,-113.75,0.25,A,Missing/Undefined,28.06,33.9,21.94,1.65,37.13,87.7,2.66,7.6,5.02
647,2013-07-05,38.494695,-122.027617,35.25,-113.75,0.08,A,Missing/Undefined,27.72,33.22,22.96,0.07,34.28,87.44,1.82,10.51,6.72
648,2013-07-27,37.596383,-121.9193,35.25,-113.75,0.25,A,Missing/Undefined,26.51,31.57,20.65,6.15,51.98,87.85,0.13,5.75,3.13
649,2013-07-24,37.948195,-121.98386200000002,35.25,-113.75,2.0,B,Miscellaneous,29.4,35.24,22.3,0.91,38.44,87.73,1.04,2.63,1.67
650,2013-07-05,37.63850395,-120.76708899999998,35.25,-113.75,0.01,A,Missing/Undefined,27.72,33.22,22.96,0.07,34.28,87.44,1.82,10.51,6.72
651,2013-07-09,39.368976,-121.53975,35.25,-113.75,0.1,A,Miscellaneous,30.42,36.82,22.54,0.0,20.77,88.01,1.04,5.09,3.27
652,2013-07-21,38.400584,-120.680172,35.25,-113.75,0.1,A,Miscellaneous,23.26,26.17,20.31,1.84,73.61,87.68,0.87,3.42,2.26
653,2013-07-27,38.796441,-123.035512,35.25,-113.75,5.0,B,Miscellaneous,26.51,31.57,20.65,6.15,51.98,87.85,0.13,5.75,3.13
654,2013-07-29,35.466666,-119.75,35.25,-113.75,0.01,A,Miscellaneous,27.05,34.19,19.58,0.0,30.16,87.82,1.87,7.29,4.36
655,2013-07-23,39.229367,-121.100968,35.25,-113.75,0.03,A,Missing/Undefined,26.57,31.51,20.9,1.14,48.26,87.85,0.59,2.7,1.84
656,2013-07-15,35.189397,-120.558307,35.25,-113.75,0.1,A,Miscellaneous,28.88,34.48,23.93,3.31,37.74,87.54,1.93,3.5,2.48
657,2013-07-04,35.666666,-119.033333,35.25,-113.75,0.2,A,Missing/Undefined,31.1,37.51,24.47,0.2,19.61,87.37,2.81,7.93,4.85
658,2013-07-09,37.942562,-121.936562,35.25,-113.75,1.0,B,Missing/Undefined,30.42,36.82,22.54,0.0,20.77,88.01,1.04,5.09,3.27
659,2013-07-04,38.544167,-123.0939,35.25,-113.75,3.8,B,Miscellaneous,31.1,37.51,24.47,0.2,19.61,87.37,2.81,7.93,4.85
660,2013-07-24,37.8035,-121.9231,35.25,-113.75,0.1,A,Missing/Undefined,29.4,35.24,22.3,0.91,38.44,87.73,1.04,2.63,1.67
661,2013-07-05,38.464121,-121.043423,35.25,-113.75,4.6,B,Miscellaneous,27.72,33.22,22.96,0.07,34.28,87.44,1.82,10.51,6.72
662,2013-07-21,40.01722,-123.79167,35.25,-113.75,1.0,B,Missing/Undefined,23.26,26.17,20.31,1.84,73.61,87.68,0.87,3.42,2.26
663,2013-07-20,39.607447,-121.442323,35.25,-113.75,0.25,A,Missing/Undefined,25.26,30.8,21.67,7.09,63.0,87.62,0.35,4.26,2.16
664,2013-07-27,35.38661,-120.1656,35.25,-113.75,0.02,A,Missing/Undefined,26.51,31.57,20.65,6.15,51.98,87.85,0.13,5.75,3.13
665,2013-07-26,38.32800200000001,-122.449327,35.25,-113.75,1.0,B,Missing/Undefined,25.55,30.72,22.16,3.67,60.42,88.16,1.33,4.63,2.75
666,2013-07-14,37.76492,-121.888254,35.25,-113.75,16.0,C,Missing/Undefined,29.59,34.69,23.69,1.48,32.98,87.75,0.26,3.42,1.77
667,2013-07-14,37.236333,-121.858667,35.25,-113.75,2.0,B,Miscellaneous,29.59,34.69,23.69,1.48,32.98,87.75,0.26,3.42,1.77
668,2013-07-19,38.636035,-120.529101,35.25,-113.75,0.1,A,Missing/Undefined,28.8,34.98,22.19,0.6,38.89,87.69,1.24,4.44,2.54
669,2013-07-31,37.633451,-121.54184,35.25,-113.75,8.0,B,Missing/Undefined,28.05,34.83,21.3,0.0,31.96,88.07,2.06,7.41,4.41
670,2013-07-26,37.07999813,-122.0843169,35.25,-113.75,0.01,A,Miscellaneous,25.55,30.72,22.16,3.67,60.42,88.16,1.33,4.63,2.75
671,2013-07-22,38.083333,-122.683333,35.25,-113.75,5.0,B,Missing/Undefined,25.24,30.4,19.78,0.24,58.63,87.83,1.49,5.43,3.36
672,2013-07-26,41.893333,-122.643333,35.25,-113.75,0.6,B,Miscellaneous,25.55,30.72,22.16,3.67,60.42,88.16,1.33,4.63,2.75
673,2013-07-28,37.662728,-120.473356,35.25,-113.75,0.13,A,Miscellaneous,27.03,32.67,22.06,2.06,48.4,87.54,0.24,4.91,2.48
674,2013-07-14,35.317062,-120.621376,35.25,-113.75,7.0,B,Miscellaneous,29.59,34.69,23.69,1.48,32.98,87.75,0.26,3.42,1.77
675,2013-07-07,38.115902,-122.107584,35.25,-113.75,5.0,B,Missing/Undefined,30.9,38.44,22.47,0.05,22.69,87.46,1.85,6.71,4.01
676,2013-07-13,33.01757,-116.902938,35.25,-113.75,64.0,C,Missing/Undefined,28.38,34.09,20.5,1.55,37.96,87.8,1.16,3.32,2.25
677,2013-07-05,38.41231654,-121.034943,35.25,-113.75,3.0,B,Missing/Undefined,27.72,33.22,22.96,0.07,34.28,87.44,1.82,10.51,6.72
678,2013-07-16,39.2384,-120.016317,35.25,-113.75,1.0,B,Missing/Undefined,28.06,33.9,21.94,1.65,37.13,87.7,2.66,7.6,5.02
679,2013-07-05,33.983333,-118.05,35.25,-113.75,0.25,A,Miscellaneous,27.72,33.22,22.96,0.07,34.28,87.44,1.82,10.51,6.72
680,2013-07-06,33.125465000000005,-117.015907,35.25,-113.75,5.0,B,Missing/Undefined,29.91,37.27,23.0,0.15,29.36,87.41,1.86,6.11,4.22
681,2013-07-05,37.7261159,-120.9219523,35.25,-113.75,0.01,A,Miscellaneous,27.72,33.22,22.96,0.07,34.28,87.44,1.82,10.51,6.72
682,2013-07-24,32.716831,-116.8759,35.25,-113.75,0.1,A,Missing/Undefined,29.4,35.24,22.3,0.91,38.44,87.73,1.04,2.63,1.67
683,2013-07-20,34.05,-118.066666,35.25,-113.75,0.12,A,Missing/Undefined,25.26,30.8,21.67,7.09,63.0,87.62,0.35,4.26,2.16
684,2013-07-11,39.71612800000001,-121.521125,35.25,-113.75,1.0,B,Miscellaneous,24.68,29.02,22.14,0.88,54.15,87.77,0.9,6.02,4.4
685,2013-07-09,35.61666599999999,-118.9,35.25,-113.75,193.0,D,Missing/Undefined,30.42,36.82,22.54,0.0,20.77,88.01,1.04,5.09,3.27
686,2013-07-10,38.890298,-121.279194,35.25,-113.75,3.0,B,Debris Burning,28.47,34.62,22.04,0.11,29.37,87.85,0.53,5.37,2.54
687,2013-07-02,35.68333300000001,-118.3,35.25,-113.75,0.1,A,Missing/Undefined,30.87,37.71,23.79,0.25,21.78,87.76,1.91,7.48,4.38
688,2013-07-12,39.224182,-121.464028,35.25,-113.75,0.1,A,Missing/Undefined,26.59,31.75,20.79,0.52,46.26,87.74,1.05,6.08,3.25
689,2013-07-14,38.664551,-120.966507,35.25,-113.75,0.99,B,Missing/Undefined,29.59,34.69,23.69,1.48,32.98,87.75,0.26,3.42,1.77
690,2013-07-19,40.69,-122.751667,35.25,-113.75,1.0,B,Miscellaneous,28.8,34.98,22.19,0.6,38.89,87.69,1.24,4.44,2.54
691,2013-07-06,40.206603,-121.01596,35.25,-113.75,0.1,A,Missing/Undefined,29.91,37.27,23.0,0.15,29.36,87.41,1.86,6.11,4.22
692,2013-07-09,37.95323,-121.9515,35.25,-113.75,0.1,A,Missing/Undefined,30.42,36.82,22.54,0.0,20.77,88.01,1.04,5.09,3.27
693,2013-07-16,36.9265,-121.5445,35.25,-113.75,17.0,C,Miscellaneous,28.06,33.9,21.94,1.65,37.13,87.7,2.66,7.6,5.02
694,2013-07-02,34.41631426,-118.9331382,35.25,-113.75,0.1,A,Miscellaneous,30.87,37.71,23.79,0.25,21.78,87.76,1.91,7.48,4.38
695,2013-07-21,37.088907,-121.599211,35.25,-113.75,1.0,B,Missing/Undefined,23.26,26.17,20.31,1.84,73.61,87.68,0.87,3.42,2.26
696,2013-07-15,37.367038,-119.630439,35.25,-113.75,1.5,B,Miscellaneous,28.88,34.48,23.93,3.31,37.74,87.54,1.93,3.5,2.48
697,2013-07-04,37.73293276,-120.9268176,35.25,-113.75,0.2,A,Missing/Undefined,31.1,37.51,24.47,0.2,19.61,87.37,2.81,7.93,4.85
698,2013-07-28,34.19941578,-118.6783603,35.25,-113.75,1.0,B,Missing/Undefined,27.03,32.67,22.06,2.06,48.4,87.54,0.24,4.91,2.48
699,2013-07-31,34.666666,-118.95,35.25,-113.75,0.11,A,Missing/Undefined,28.05,34.83,21.3,0.0,31.96,88.07,2.06,7.41,4.41
700,2013-07-26,38.013996,-121.919591,35.25,-113.75,3.0,B,Missing/Undefined,25.55,30.72,22.16,3.67,60.42,88.16,1.33,4.63,2.75
701,2013-07-07,34.304722,-117.3125,35.25,-113.75,0.1,A,Miscellaneous,30.9,38.44,22.47,0.05,22.69,87.46,1.85,6.71,4.01
702,2013-07-25,37.86828982,-122.5104335,35.25,-113.75,0.01,A,Missing/Undefined,28.45,34.48,22.74,5.45,44.06,87.91,1.96,4.75,3.63
703,2013-07-28,36.574883,-118.046383,35.25,-113.75,0.2,A,Miscellaneous,27.03,32.67,22.06,2.06,48.4,87.54,0.24,4.91,2.48
704,2013-07-30,35.01668333,-118.01668329999998,35.25,-113.75,0.1,A,Missing/Undefined,27.44,35.09,18.78,0.0,30.24,88.21,2.23,7.15,4.48
705,2013-07-27,37.08890142,-122.0897218,35.25,-113.75,0.05,A,Missing/Undefined,26.51,31.57,20.65,6.15,51.98,87.85,0.13,5.75,3.13
706,2013-07-23,34.8641407,-120.4472365,35.25,-113.75,0.15,A,Missing/Undefined,26.57,31.51,20.9,1.14,48.26,87.85,0.59,2.7,1.84
707,2013-07-30,34.733333,-120.383333,35.25,-113.75,0.25,A,Missing/Undefined,27.44,35.09,18.78,0.0,30.24,88.21,2.23,7.15,4.48
708,2013-07-04,41.806588,-124.18443899999998,35.25,-113.75,1.0,B,Missing/Undefined,31.1,37.51,24.47,0.2,19.61,87.37,2.81,7.93,4.85
