,Unnamed: 0,DATE,LATITUDE,LONGITUDE,FIRE_SIZE,FIRE_SIZE_CLASS,STAT_CAUSE_DESCR
0,5,2013-07-20 00:00:00,40.80833333,-123.0547222,0.2,A,Miscellaneous
1,21,2013-07-17 00:00:00,34.20083333,-117.35,0.25,A,Miscellaneous
2,30,2013-07-26 00:00:00,40.4025,-123.2075,0.1,A,Miscellaneous
3,31,2013-07-31 00:00:00,41.31916667,-123.17305559999998,2420.0,F,Miscellaneous
4,39,2013-07-26 00:00:00,39.76833333,-120.5133333,0.1,A,Miscellaneous
5,57,2013-07-26 00:00:00,34.30555556,-117.5138889,0.1,A,Miscellaneous
6,61,2013-07-20 00:00:00,36.46972222,-118.1744444,0.25,A,Miscellaneous
7,63,2013-07-31 00:00:00,41.30777778,-123.20416670000002,3.0,B,Miscellaneous
8,64,2013-07-02 00:00:00,34.19166667,-117.1875,8.0,B,Miscellaneous
9,91,2013-07-16 00:00:00,40.79583333,-122.7688889,0.1,A,Miscellaneous
10,94,2013-07-08 00:00:00,38.77444444,-120.2975,572.0,E,Miscellaneous
11,99,2013-07-23 00:00:00,40.99527778,-122.6986111,0.1,A,Miscellaneous
12,102,2013-07-24 00:00:00,37.13083333,-119.3963889,0.5,B,Miscellaneous
13,108,2013-07-14 00:00:00,40.89555556,-123.5672222,0.1,A,Miscellaneous
14,116,2013-07-08 00:00:00,40.40888889,-123.2436111,0.1,A,Miscellaneous
15,128,2013-07-23 00:00:00,39.67194444,-120.2325,0.1,A,Miscellaneous
16,129,2013-07-21 00:00:00,34.30666667,-118.3772222,0.25,A,Miscellaneous
17,131,2013-07-20 00:00:00,34.29583333,-117.475,0.1,A,Miscellaneous
18,135,2013-07-13 00:00:00,40.85083333,-122.8502778,0.1,A,Miscellaneous
19,136,2013-07-07 00:00:00,34.31472222,-118.3827778,0.1,A,Miscellaneous
20,146,2013-07-10 00:00:00,40.6475,-121.46,0.2,A,Miscellaneous
21,147,2013-07-30 00:00:00,40.42444444,-123.4988889,2.0,B,Miscellaneous
22,156,2013-07-31 00:00:00,41.31027778,-123.2044444,12365.0,G,Miscellaneous
23,160,2013-07-14 00:00:00,34.475,-117.8302778,0.1,A,Debris Burning
24,162,2013-07-25 00:00:00,34.40555556,-118.4594444,1.0,B,Miscellaneous
25,163,2013-07-15 00:00:00,39.66861111,-120.6663889,0.1,A,Miscellaneous
26,167,2013-07-25 00:00:00,35.4375,-118.8055556,0.1,A,Miscellaneous
27,176,2013-07-18 00:00:00,40.66666667,-121.4333333,0.1,A,Miscellaneous
28,178,2013-07-19 00:00:00,40.17777778,-120.9986111,0.37,B,Miscellaneous
29,199,2013-07-10 00:00:00,41.74444444,-122.9775,0.6,B,Miscellaneous
30,206,2013-07-26 00:00:00,40.73111111,-122.80916670000002,0.75,B,Miscellaneous
31,207,2013-07-15 00:00:00,33.54194444,-116.71,0.1,A,Miscellaneous
32,208,2013-07-20 00:00:00,39.15111111,-120.7744444,0.25,A,Miscellaneous
33,217,2013-07-31 00:00:00,41.44972222,-121.775,1.6,B,Miscellaneous
34,224,2013-07-24 00:00:00,35.48277778,-118.7113889,0.1,A,Miscellaneous
35,233,2013-07-11 00:00:00,33.02916667,-116.6347222,0.1,A,Debris Burning
36,241,2013-07-10 00:00:00,34.57194444,-118.68694440000002,0.25,A,Miscellaneous
37,246,2013-07-25 00:00:00,37.13444444,-119.4072222,0.1,A,Miscellaneous
38,251,2013-07-19 00:00:00,34.89055556,-118.9133333,722.0,E,Miscellaneous
39,257,2013-07-14 00:00:00,39.43805556,-120.0211111,0.25,A,Miscellaneous
40,269,2013-07-04 00:00:00,41.85888889,-120.7502778,0.1,A,Debris Burning
41,280,2013-07-24 00:00:00,41.78583333,-121.3038889,0.1,A,Miscellaneous
42,283,2013-07-06 00:00:00,40.13722222,-120.95416670000002,0.1,A,Miscellaneous
43,288,2013-07-17 00:00:00,38.88,-120.4291667,0.1,A,Miscellaneous
44,292,2013-07-04 00:00:00,33.25472222,-116.7591667,0.4,B,Miscellaneous
45,302,2013-07-26 00:00:00,40.58111111,-121.6288889,0.1,A,Debris Burning
46,327,2013-07-05 00:00:00,34.30944444,-118.37333329999998,0.5,B,Miscellaneous
47,332,2013-07-29 00:00:00,33.81138889,-117.62416670000002,0.5,B,Miscellaneous
48,337,2013-07-31 00:00:00,41.30138889,-123.1397222,0.5,B,Miscellaneous
49,343,2013-07-31 00:00:00,41.3025,-123.15583329999998,0.1,A,Miscellaneous
50,349,2013-07-04 00:00:00,33.78083333,-116.9005556,0.25,A,Miscellaneous
51,361,2013-07-05 00:00:00,34.28361111,-117.2138889,0.25,A,Miscellaneous
52,367,2013-07-10 00:00:00,40.94277778,-123.6441667,0.1,A,Miscellaneous
53,373,2013-07-15 00:00:00,34.32916667,-117.5138889,0.5,B,Miscellaneous
54,413,2013-07-02 00:00:00,32.891831,-116.826552,112.0,D,Miscellaneous
55,415,2013-07-06 00:00:00,32.979323,-116.436577,0.1,A,Missing/Undefined
56,416,2013-07-06 00:00:00,32.966662,-116.45733,7056.0,G,Miscellaneous
57,417,2013-07-04 00:00:00,35.37278,-115.89306,0.1,A,Missing/Undefined
58,418,2013-07-04 00:00:00,32.709,-114.947,0.1,A,Miscellaneous
59,419,2013-07-11 00:00:00,33.73581,-117.25942,0.5,B,Missing/Undefined
60,420,2013-07-07 00:00:00,33.65625,-116.95756000000002,2.3,B,Missing/Undefined
61,421,2013-07-08 00:00:00,35.61683,-117.59248999999998,0.1,A,Miscellaneous
62,422,2013-07-15 00:00:00,35.61677,-117.59374,0.1,A,Miscellaneous
63,423,2013-07-13 00:00:00,35.77542000000001,-117.91292,0.1,A,Miscellaneous
64,424,2013-07-30 00:00:00,33.606390000000005,-114.93597,0.3,B,Missing/Undefined
65,426,2013-07-23 00:00:00,32.800329999999995,-116.3346,0.1,A,Missing/Undefined
66,442,2013-07-28 00:00:00,36.57488,-118.04637,0.1,A,Missing/Undefined
67,473,2013-07-04 00:00:00,38.5128,-119.4708,0.1,A,Missing/Undefined
68,474,2013-07-04 00:00:00,35.6358,-119.1247,0.1,A,Missing/Undefined
69,475,2013-07-11 00:00:00,35.7389,-120.2103,4.4,B,Missing/Undefined
70,476,2013-07-12 00:00:00,38.650097,-119.5331,0.1,A,Missing/Undefined
71,477,2013-07-13 00:00:00,35.3478,-120.0233,40.0,C,Missing/Undefined
72,478,2013-07-23 00:00:00,35.0847,-118.9744,450.0,E,Missing/Undefined
73,479,2013-07-29 00:00:00,35.78,-120.2069,0.2,A,Missing/Undefined
74,480,2013-07-26 00:00:00,35.2933,-119.6119,0.1,A,Miscellaneous
75,491,2013-07-01 00:00:00,41.0942,-123.6925,0.1,A,Debris Burning
76,492,2013-07-01 00:00:00,41.085,-123.6972,0.1,A,Debris Burning
77,493,2013-07-08 00:00:00,41.0811,-123.6839,0.1,A,Debris Burning
78,505,2013-07-02 00:00:00,34.00163,-116.57773,0.1,A,Missing/Undefined
79,506,2013-07-02 00:00:00,33.9242,-116.6922,0.3,B,Missing/Undefined
80,509,2013-07-05 00:00:00,36.57288,-118.75112,1.0,B,Debris Burning
81,524,2013-07-01 00:00:00,40.5517,-122.4878,0.1,A,Miscellaneous
82,526,2013-07-12 00:00:00,40.2217,-124.3092,34.0,C,Missing/Undefined
83,527,2013-07-21 00:00:00,40.1025,-120.1964,0.1,A,Missing/Undefined
84,541,2013-07-23 00:00:00,39.8189,-123.2706,0.3,B,Debris Burning
85,567,2013-07-08 00:00:00,34.049711,-118.78714,0.1,A,Missing/Undefined
86,568,2013-07-08 00:00:00,34.085064,-118.782036,2.0,B,Missing/Undefined
87,569,2013-07-15 00:00:00,34.018403,-118.814208,0.1,A,Missing/Undefined
88,581,2013-07-04 00:00:00,36.01553,-118.83293,3.8,B,Missing/Undefined
89,585,2013-07-27 00:00:00,37.547,-119.643,0.1,A,Miscellaneous
90,586,2013-07-31 00:00:00,37.85083,-119.65967,0.1,A,Miscellaneous
91,601,2013-07-01 00:00:00,39.46277778,-121.9927778,0.5,B,Missing/Undefined
92,605,2013-07-29 00:00:00,32.679215,-116.978524,44.0,C,Missing/Undefined
93,609,2013-07-28 00:00:00,32.6425,-116.8577778,5.0,B,Missing/Undefined
94,611,2013-07-11 00:00:00,33.17611111,-115.62194440000002,0.5,B,Miscellaneous
95,1880,2013-07-15 00:00:00,33.93,-117.226117,0.1,A,Missing/Undefined
96,1883,2013-07-05 00:00:00,37.2732,-120.3015,0.1,A,Missing/Undefined
97,1885,2013-07-25 00:00:00,33.059283,-117.1011,28.0,C,Missing/Undefined
98,1888,2013-07-14 00:00:00,40.212833,-123.750667,21.0,C,Miscellaneous
99,1890,2013-07-16 00:00:00,36.922533,-121.63055,17.0,C,Miscellaneous
100,1891,2013-07-28 00:00:00,39.812583,-122.197283,17.0,C,Miscellaneous
101,1895,2013-07-02 00:00:00,41.226017,-121.0807,13.8,C,Miscellaneous
102,1897,2013-07-04 00:00:00,33.7388,-116.95855,1.0,B,Miscellaneous
103,1898,2013-07-19 00:00:00,36.7203,-119.67285,1.0,B,Missing/Undefined
104,1899,2013-07-30 00:00:00,39.270467,-120.063333,1.0,B,Miscellaneous
105,1901,2013-07-09 00:00:00,38.7835,-123.009367,1.0,B,Missing/Undefined
106,1902,2013-07-22 00:00:00,36.887633,-119.686067,1.0,B,Miscellaneous
107,1904,2013-07-06 00:00:00,39.169717,-121.608567,1.0,B,Debris Burning
108,1907,2013-07-08 00:00:00,37.565017,-120.425883,1.0,B,Missing/Undefined
109,1908,2013-07-10 00:00:00,37.94805,-120.617167,1.0,B,Miscellaneous
110,1910,2013-07-03 00:00:00,41.241383,-121.035,502.0,E,Miscellaneous
111,1913,2013-07-27 00:00:00,39.77535,-121.997367,0.1,A,Miscellaneous
112,1917,2013-07-24 00:00:00,36.864717,-119.539167,3.0,B,Miscellaneous
113,1919,2013-07-14 00:00:00,40.436233,-122.400283,3.0,B,Miscellaneous
114,1921,2013-07-30 00:00:00,40.883717,-121.67155,0.5,B,Missing/Undefined
115,1922,2013-07-15 00:00:00,37.0774,-122.085,0.5,B,Missing/Undefined
116,1923,2013-07-18 00:00:00,38.9709,-120.88935,0.1,A,Missing/Undefined
117,1925,2013-07-06 00:00:00,37.476383,-120.703217,5.0,B,Miscellaneous
118,1927,2013-07-10 00:00:00,38.51435,-122.074883,5.0,B,Missing/Undefined
119,1931,2013-07-02 00:00:00,40.559383,-122.276733,0.25,A,Missing/Undefined
120,1932,2013-07-04 00:00:00,39.527383,-121.462283,0.25,A,Missing/Undefined
121,1933,2013-07-03 00:00:00,37.015317,-122.052333,0.23,A,Miscellaneous
122,1934,2013-07-05 00:00:00,38.235017,-121.13545,0.22,A,Miscellaneous
123,1938,2013-07-09 00:00:00,33.73055,-117.30625,0.21,A,Missing/Undefined
124,1942,2013-07-12 00:00:00,36.781767,-119.52205,0.2,A,Miscellaneous
125,1943,2013-07-11 00:00:00,38.776767,-120.605833,0.2,A,Missing/Undefined
126,1947,2013-07-03 00:00:00,38.889133,-122.604433,11.5,C,Miscellaneous
127,1948,2013-07-19 00:00:00,36.20725,-120.37315,1.0,B,Miscellaneous
128,1949,2013-07-27 00:00:00,35.45708300000001,-120.331633,1.0,B,Miscellaneous
129,1950,2013-07-05 00:00:00,39.973033,-123.966133,1.0,B,Missing/Undefined
130,1952,2013-07-11 00:00:00,39.308483,-121.637517,1.0,B,Missing/Undefined
131,1953,2013-07-22 00:00:00,40.315983,-121.106983,1.0,B,Miscellaneous
132,1956,2013-07-01 00:00:00,36.998267,-120.873433,1.0,B,Debris Burning
133,1958,2013-07-13 00:00:00,33.7834,-117.23695,1.0,B,Missing/Undefined
134,1959,2013-07-24 00:00:00,38.349367,-120.85045,0.89,B,Missing/Undefined
135,1960,2013-07-16 00:00:00,37.086533,-120.212583,0.8,B,Missing/Undefined
136,1961,2013-07-26 00:00:00,40.428833,-120.806,0.8,B,Miscellaneous
137,1962,2013-07-01 00:00:00,37.879817,-122.221983,0.77,B,Miscellaneous
138,1965,2013-07-12 00:00:00,33.9341,-117.55585,1.0,B,Missing/Undefined
139,1967,2013-07-03 00:00:00,33.6709,-117.206533,1.0,B,Missing/Undefined
140,1968,2013-07-25 00:00:00,32.6341,-116.178367,1.0,B,Missing/Undefined
141,1969,2013-07-02 00:00:00,37.7216,-121.683617,1.0,B,Miscellaneous
142,1970,2013-07-11 00:00:00,39.5524,-121.765083,1.0,B,Missing/Undefined
143,1973,2013-07-08 00:00:00,37.048333,-121.545567,1.0,B,Miscellaneous
144,1974,2013-07-19 00:00:00,38.650517,-121.07745,163.0,D,Miscellaneous
145,1975,2013-07-09 00:00:00,40.377222,-122.7275,215.0,D,Missing/Undefined
146,1976,2013-07-10 00:00:00,38.4394,-121.979217,13.0,C,Miscellaneous
147,1977,2013-07-22 00:00:00,37.327217,-119.769033,1.0,B,Miscellaneous
148,1978,2013-07-19 00:00:00,39.961317,-122.330883,195.0,D,Miscellaneous
149,1979,2013-07-25 00:00:00,33.786517,-117.237483,1.0,B,Missing/Undefined
150,1984,2013-07-16 00:00:00,34.225083000000005,-117.41005,0.5,B,Missing/Undefined
151,1987,2013-07-13 00:00:00,36.96055,-120.65395,0.5,B,Missing/Undefined
152,1992,2013-07-05 00:00:00,33.9282,-116.905183,0.3,B,Miscellaneous
153,1996,2013-07-26 00:00:00,37.64345,-121.410383,0.08,A,Missing/Undefined
154,2004,2013-07-14 00:00:00,36.677417,-119.880533,0.2,A,Miscellaneous
155,2008,2013-07-15 00:00:00,35.105217,-120.63125,6.0,B,Missing/Undefined
156,2009,2013-07-27 00:00:00,37.491883,-120.703067,6.0,B,Miscellaneous
157,2010,2013-07-05 00:00:00,36.646517,-119.3402,6.0,B,Missing/Undefined
158,2015,2013-07-05 00:00:00,38.404317,-120.0208,4.6,B,Miscellaneous
159,2017,2013-07-12 00:00:00,37.330983,-120.5247,4.0,B,Miscellaneous
160,2020,2013-07-18 00:00:00,37.321,-120.3265,4.0,B,Missing/Undefined
161,2023,2013-07-04 00:00:00,38.7821,-123.01695,4.0,B,Missing/Undefined
162,2024,2013-07-24 00:00:00,36.300283,-120.273217,4.0,B,Miscellaneous
163,2025,2013-07-19 00:00:00,37.839183,-120.863483,4.0,B,Missing/Undefined
164,2026,2013-07-24 00:00:00,38.83265,-120.870167,4.0,B,Miscellaneous
165,2030,2013-07-28 00:00:00,38.81455,-122.800967,0.1,A,Miscellaneous
166,2031,2013-07-01 00:00:00,33.9758,-117.475767,0.1,A,Miscellaneous
167,2034,2013-07-05 00:00:00,35.033973,-120.497823,0.1,A,Missing/Undefined
168,2036,2013-07-19 00:00:00,40.012233,-122.458233,0.1,A,Missing/Undefined
169,2040,2013-07-19 00:00:00,38.45855,-120.484683,0.1,A,Debris Burning
170,2041,2013-07-02 00:00:00,37.8371,-120.504533,0.1,A,Missing/Undefined
171,2045,2013-07-22 00:00:00,38.830533,-122.900467,0.1,A,Miscellaneous
172,2047,2013-07-22 00:00:00,36.431067,-119.7309,1.0,B,Miscellaneous
173,2048,2013-07-03 00:00:00,36.6408,-119.5295,1.0,B,Miscellaneous
174,2049,2013-07-04 00:00:00,40.108,-123.795667,1.0,B,Missing/Undefined
175,2050,2013-07-30 00:00:00,40.905833,-124.0395,1.0,B,Missing/Undefined
176,2051,2013-07-06 00:00:00,41.47978300000001,-120.724167,1.0,B,Missing/Undefined
177,2056,2013-07-05 00:00:00,36.922933,-119.92155,5.0,B,Missing/Undefined
178,2057,2013-07-14 00:00:00,37.05448300000001,-120.292567,14.0,C,Miscellaneous
179,2061,2013-07-19 00:00:00,37.401717,-120.01825,1.0,B,Missing/Undefined
180,2063,2013-07-08 00:00:00,34.190517,-117.424933,1.0,B,Missing/Undefined
181,2067,2013-07-15 00:00:00,39.2381,-121.1315,0.05,A,Miscellaneous
182,2071,2013-07-02 00:00:00,38.902433,-121.200783,0.05,A,Miscellaneous
183,2073,2013-07-29 00:00:00,37.0433,-121.52385,0.05,A,Miscellaneous
184,2079,2013-07-04 00:00:00,38.906933,-123.1565,3.8,B,Miscellaneous
185,2081,2013-07-24 00:00:00,37.054567,-120.437233,0.25,A,Missing/Undefined
186,2086,2013-07-03 00:00:00,35.31708300000001,-120.621017,0.2,A,Missing/Undefined
187,2087,2013-07-31 00:00:00,39.87615,-121.608283,0.2,A,Missing/Undefined
188,2093,2013-07-27 00:00:00,37.821017,-120.158767,0.19,A,Miscellaneous
189,2096,2013-07-03 00:00:00,38.5017,-122.198367,0.16,A,Miscellaneous
190,2103,2013-07-06 00:00:00,38.902917,-120.851233,0.1,A,Missing/Undefined
191,2104,2013-07-10 00:00:00,33.963533,-116.4951,0.1,A,Missing/Undefined
192,2105,2013-07-05 00:00:00,39.959933,-122.178917,0.1,A,Missing/Undefined
193,2107,2013-07-14 00:00:00,33.779317,-117.236917,10.0,C,Missing/Undefined
194,2108,2013-07-13 00:00:00,38.704367,-123.031733,10.0,C,Missing/Undefined
195,2110,2013-07-31 00:00:00,36.865983,-120.381717,10.0,C,Miscellaneous
196,2111,2013-07-01 00:00:00,37.118,-119.932283,9.5,B,Missing/Undefined
197,2112,2013-07-09 00:00:00,35.523933,-120.65895,9.4,B,Missing/Undefined
198,2114,2013-07-16 00:00:00,33.557733,-117.11705,8.3,B,Missing/Undefined
199,2115,2013-07-17 00:00:00,33.520083,-117.0279,8.25,B,Debris Burning
200,2116,2013-07-13 00:00:00,37.64375,-120.589983,8.0,B,Missing/Undefined
201,2117,2013-07-06 00:00:00,39.19305,-121.419717,8.0,B,Missing/Undefined
202,2118,2013-07-22 00:00:00,38.292617,-121.171967,6.7,B,Missing/Undefined
203,2120,2013-07-16 00:00:00,38.474733,-121.1064,6.5,B,Miscellaneous
204,2121,2013-07-22 00:00:00,36.936317,-120.074,1.0,B,Miscellaneous
205,2122,2013-07-09 00:00:00,38.8025,-123.015967,1.0,B,Missing/Undefined
206,2123,2013-07-27 00:00:00,40.437933,-123.685167,1.0,B,Missing/Undefined
207,2126,2013-07-19 00:00:00,33.9558,-117.243917,40.0,C,Missing/Undefined
208,2127,2013-07-04 00:00:00,33.252866999999995,-117.155617,1.0,B,Missing/Undefined
209,2130,2013-07-31 00:00:00,39.96375,-123.791883,1.0,B,Miscellaneous
210,2133,2013-07-02 00:00:00,38.824317,-121.469733,1.0,B,Miscellaneous
211,2134,2013-07-05 00:00:00,40.34215,-123.770683,5.0,B,Miscellaneous
212,2136,2013-07-26 00:00:00,33.646767,-114.594783,40.0,C,Miscellaneous
213,2137,2013-07-10 00:00:00,33.931783,-117.24465,1.0,B,Missing/Undefined
214,2139,2013-07-09 00:00:00,33.77695,-117.231383,1.0,B,Missing/Undefined
215,2140,2013-07-05 00:00:00,38.493667,-121.091217,1.0,B,Missing/Undefined
216,2141,2013-07-02 00:00:00,33.5192,-117.30845,1.0,B,Miscellaneous
217,2144,2013-07-16 00:00:00,35.664117,-120.691917,2.0,B,Missing/Undefined
218,2145,2013-07-20 00:00:00,37.648317,-120.2947,2.0,B,Missing/Undefined
219,2146,2013-07-27 00:00:00,38.137583,-120.505867,2.0,B,Miscellaneous
220,2147,2013-07-28 00:00:00,40.93465,-121.56885,2.0,B,Missing/Undefined
221,2148,2013-07-11 00:00:00,37.0593,-119.919317,2.0,B,Miscellaneous
222,2151,2013-07-17 00:00:00,40.440733,-122.282633,0.25,A,Missing/Undefined
223,2152,2013-07-19 00:00:00,37.989083,-120.478633,0.25,A,Miscellaneous
224,2156,2013-07-25 00:00:00,37.048467,-122.00765,0.25,A,Miscellaneous
225,2157,2013-07-19 00:00:00,40.53545,-122.3448,0.25,A,Miscellaneous
226,2158,2013-07-05 00:00:00,40.47275,-120.546,0.25,A,Missing/Undefined
227,2159,2013-07-25 00:00:00,37.7566,-122.05115,0.25,A,Miscellaneous
228,2161,2013-07-28 00:00:00,37.6423,-120.288267,0.13,A,Miscellaneous
229,2162,2013-07-03 00:00:00,33.7165,-116.171,0.12,A,Miscellaneous
230,2165,2013-07-04 00:00:00,38.240067,-120.947217,0.4,B,Miscellaneous
231,2167,2013-07-30 00:00:00,37.16785,-122.03935,0.4,B,Miscellaneous
232,2168,2013-07-13 00:00:00,38.801583,-120.742667,0.4,B,Miscellaneous
233,2169,2013-07-04 00:00:00,36.9429,-121.740433,0.4,B,Miscellaneous
234,2171,2013-07-14 00:00:00,40.701833,-122.32495,0.33,B,Miscellaneous
235,2175,2013-07-12 00:00:00,39.54075,-121.519083,6.4,B,Missing/Undefined
236,2176,2013-07-14 00:00:00,37.915133,-120.6239,6.4,B,Missing/Undefined
237,2178,2013-07-16 00:00:00,38.942833,-122.770833,0.65,B,Missing/Undefined
238,2183,2013-07-31 00:00:00,34.464483,-117.55515,0.5,B,Missing/Undefined
239,2192,2013-07-14 00:00:00,40.02795,-122.099867,1.0,B,Miscellaneous
240,2193,2013-07-02 00:00:00,38.809433,-123.006917,1.0,B,Missing/Undefined
241,2195,2013-07-20 00:00:00,39.149583,-121.601017,1.0,B,Missing/Undefined
242,2197,2013-07-03 00:00:00,36.713767,-119.353517,16.0,C,Missing/Undefined
243,2199,2013-07-31 00:00:00,40.366967,-122.208983,1.0,B,Missing/Undefined
244,2200,2013-07-04 00:00:00,37.041633,-121.542217,1.0,B,Missing/Undefined
245,2203,2013-07-16 00:00:00,38.8025,-123.015967,1.0,B,Missing/Undefined
246,2204,2013-07-15 00:00:00,38.83905,-121.307367,1.0,B,Missing/Undefined
247,2206,2013-07-04 00:00:00,36.430667,-121.318167,0.1,A,Miscellaneous
248,2211,2013-07-03 00:00:00,41.64885,-122.656333,0.1,A,Miscellaneous
249,2214,2013-07-22 00:00:00,40.68641,-122.1433,0.1,A,Missing/Undefined
250,2215,2013-07-07 00:00:00,33.598883,-114.645283,0.05,A,Debris Burning
251,2218,2013-07-16 00:00:00,33.7064,-117.119733,0.05,A,Miscellaneous
252,2219,2013-07-04 00:00:00,41.664833,-122.668583,0.05,A,Miscellaneous
253,2220,2013-07-15 00:00:00,37.360667,-120.549417,0.25,A,Missing/Undefined
254,2222,2013-07-04 00:00:00,33.430667,-117.145733,0.02,A,Miscellaneous
255,2223,2013-07-02 00:00:00,33.748797,-117.933203,0.02,A,Missing/Undefined
256,2224,2013-07-09 00:00:00,39.23205,-121.0732,0.02,A,Missing/Undefined
257,2225,2013-07-08 00:00:00,33.183533000000004,-117.117867,0.3,B,Missing/Undefined
258,2230,2013-07-07 00:00:00,38.45835,-120.4847,0.2,A,Miscellaneous
259,2231,2013-07-16 00:00:00,37.403783,-120.585733,0.2,A,Missing/Undefined
260,2233,2013-07-07 00:00:00,37.883233,-121.99085,0.25,A,Missing/Undefined
261,2236,2013-07-15 00:00:00,37.72115,-121.537533,0.25,A,Missing/Undefined
262,2237,2013-07-31 00:00:00,39.010217,-121.11455,0.25,A,Missing/Undefined
263,2238,2013-07-03 00:00:00,41.0718,-124.14045,0.25,A,Missing/Undefined
264,2239,2013-07-18 00:00:00,39.12315,-122.851883,0.25,A,Miscellaneous
265,2240,2013-07-04 00:00:00,33.656667,-116.15415,0.25,A,Missing/Undefined
266,2241,2013-07-13 00:00:00,37.06915,-120.177683,0.25,A,Miscellaneous
267,2244,2013-07-01 00:00:00,37.409017,-120.751917,0.25,A,Missing/Undefined
268,2245,2013-07-09 00:00:00,40.143317,-122.322017,0.25,A,Miscellaneous
269,2246,2013-07-04 00:00:00,37.95555,-120.310417,0.5,B,Debris Burning
270,2247,2013-07-07 00:00:00,40.426233,-122.283367,0.5,B,Miscellaneous
271,2249,2013-07-05 00:00:00,36.522633,-119.8272,0.5,B,Missing/Undefined
272,2252,2013-07-22 00:00:00,39.6755,-123.49735,0.1,A,Debris Burning
273,2257,2013-07-16 00:00:00,33.951567,-117.2221,0.1,A,Debris Burning
274,2258,2013-07-07 00:00:00,38.63105,-122.860283,0.1,A,Missing/Undefined
275,2262,2013-07-06 00:00:00,33.932583,-116.874567,0.1,A,Miscellaneous
276,2265,2013-07-04 00:00:00,40.028533,-124.07315,0.1,A,Missing/Undefined
277,2268,2013-07-10 00:00:00,40.7765,-124.133167,1.0,B,Missing/Undefined
278,2270,2013-07-07 00:00:00,35.622233,-120.836083,80.0,C,Missing/Undefined
279,2271,2013-07-20 00:00:00,33.779317,-117.236917,1.0,B,Missing/Undefined
280,2272,2013-07-15 00:00:00,39.375167,-121.699283,1.0,B,Debris Burning
281,2275,2013-07-18 00:00:00,37.008367,-119.893617,1.0,B,Missing/Undefined
282,2276,2013-07-11 00:00:00,37.7725,-121.618833,20.0,C,Miscellaneous
283,2278,2013-07-20 00:00:00,37.738467,-121.670183,1.0,B,Miscellaneous
284,2279,2013-07-27 00:00:00,36.080083,-118.8989,1.0,B,Missing/Undefined
285,2282,2013-07-15 00:00:00,36.753383,-120.368183,40.0,C,Debris Burning
286,2285,2013-07-16 00:00:00,33.871087,-117.862373,0.01,A,Missing/Undefined
287,2286,2013-07-13 00:00:00,33.866402,-117.878021,0.01,A,Miscellaneous
288,2288,2013-07-04 00:00:00,41.865183,-124.205717,2.0,B,Missing/Undefined
289,2289,2013-07-30 00:00:00,36.83638300000001,-119.581817,2.0,B,Miscellaneous
290,2290,2013-07-26 00:00:00,39.084567,-123.219667,2.0,B,Missing/Undefined
291,2291,2013-07-27 00:00:00,39.05765,-122.5839,2.0,B,Missing/Undefined
292,2292,2013-07-06 00:00:00,33.967683,-117.03675,2.0,B,Miscellaneous
293,2295,2013-07-02 00:00:00,41.8626,-124.207417,2.0,B,Miscellaneous
294,2296,2013-07-03 00:00:00,33.7814,-116.917283,2.0,B,Miscellaneous
295,2297,2013-07-24 00:00:00,37.455583,-120.7216,2.0,B,Missing/Undefined
296,2298,2013-07-19 00:00:00,38.815883,-121.13885,2.0,B,Missing/Undefined
297,2299,2013-07-04 00:00:00,40.1732,-123.603917,0.1,A,Miscellaneous
298,2300,2013-07-24 00:00:00,37.122483,-121.01525,0.1,A,Miscellaneous
299,2304,2013-07-08 00:00:00,34.1921,-117.364967,0.25,A,Miscellaneous
300,2307,2013-07-19 00:00:00,36.110067,-118.9556,0.12,A,Miscellaneous
301,2308,2013-07-26 00:00:00,33.0658,-116.7596,0.12,A,Debris Burning
302,2311,2013-07-29 00:00:00,37.38585,-120.613517,0.12,A,Missing/Undefined
303,2313,2013-07-26 00:00:00,40.916033,-124.079683,0.12,A,Missing/Undefined
304,2315,2013-07-01 00:00:00,37.6253,-120.74085,0.12,A,Miscellaneous
305,2316,2013-07-20 00:00:00,34.01215,-117.057467,0.1,A,Miscellaneous
306,2322,2013-07-04 00:00:00,38.7291,-121.33145,0.1,A,Miscellaneous
307,2324,2013-07-18 00:00:00,39.081217,-122.967983,3.0,B,Miscellaneous
308,2325,2013-07-21 00:00:00,33.806267,-117.234033,3.0,B,Missing/Undefined
309,2326,2013-07-07 00:00:00,32.7444,-116.974333,3.0,B,Missing/Undefined
310,2328,2013-07-24 00:00:00,39.32855,-121.341767,3.0,B,Miscellaneous
311,2329,2013-07-25 00:00:00,38.809383,-121.276417,3.0,B,Missing/Undefined
312,2330,2013-07-28 00:00:00,38.678817,-120.848717,3.0,B,Miscellaneous
313,2331,2013-07-21 00:00:00,36.2425,-120.306683,3.0,B,Missing/Undefined
314,2332,2013-07-05 00:00:00,41.249283,-121.1048,3.0,B,Miscellaneous
315,2334,2013-07-09 00:00:00,40.476633,-122.1801,3.0,B,Missing/Undefined
316,2336,2013-07-19 00:00:00,38.784,-122.773167,3.0,B,Missing/Undefined
317,2337,2013-07-17 00:00:00,37.010317,-119.875633,1.0,B,Missing/Undefined
318,2339,2013-07-03 00:00:00,36.122067,-120.374483,1.0,B,Miscellaneous
319,2341,2013-07-16 00:00:00,37.056733,-121.016283,1.0,B,Missing/Undefined
320,2345,2013-07-05 00:00:00,37.086533,-120.212583,20.0,C,Missing/Undefined
321,2346,2013-07-11 00:00:00,37.16,-120.298333,1.0,B,Missing/Undefined
322,2347,2013-07-01 00:00:00,34.438317,-116.974483,0.1,A,Debris Burning
323,2350,2013-07-02 00:00:00,36.59655,-118.072617,0.1,A,Missing/Undefined
324,2351,2013-07-16 00:00:00,33.884967,-117.2349,0.1,A,Missing/Undefined
325,2353,2013-07-30 00:00:00,34.004917,-117.430967,0.1,A,Missing/Undefined
326,2360,2013-07-05 00:00:00,36.799367,-121.721333,0.1,A,Miscellaneous
327,2361,2013-07-31 00:00:00,37.448433,-120.7493,0.1,A,Missing/Undefined
328,2371,2013-07-05 00:00:00,40.099367,-123.796783,0.2,A,Missing/Undefined
329,2372,2013-07-01 00:00:00,33.721183,-116.2246,0.1,A,Missing/Undefined
330,2374,2013-07-05 00:00:00,38.476533,-122.9238,0.1,A,Missing/Undefined
331,2375,2013-07-13 00:00:00,39.20455,-121.562883,0.1,A,Miscellaneous
332,2376,2013-07-03 00:00:00,36.615217,-121.9316,0.1,A,Miscellaneous
333,2378,2013-07-25 00:00:00,37.139233,-122.094583,0.1,A,Miscellaneous
334,2380,2013-07-03 00:00:00,38.5206,-122.978133,0.1,A,Missing/Undefined
335,2382,2013-07-05 00:00:00,39.313233,-120.29165,0.1,A,Missing/Undefined
336,2386,2013-07-02 00:00:00,38.952883,-121.1074,2.5,B,Missing/Undefined
337,2388,2013-07-17 00:00:00,33.886967,-117.346,0.5,B,Missing/Undefined
338,2397,2013-07-12 00:00:00,35.65548300000001,-120.399767,0.5,B,Miscellaneous
339,2399,2013-07-26 00:00:00,37.079017,-122.084833,0.5,B,Missing/Undefined
340,2401,2013-07-01 00:00:00,38.66,-120.9497,5.0,B,Miscellaneous
341,2402,2013-07-14 00:00:00,34.37195,-116.814783,1.0,B,Miscellaneous
342,2403,2013-07-19 00:00:00,36.720833,-119.302017,1.0,B,Miscellaneous
343,2404,2013-07-31 00:00:00,36.757467,-119.6584,20.0,C,Missing/Undefined
344,2411,2013-07-16 00:00:00,38.728817,-121.358817,1.0,B,Missing/Undefined
345,2414,2013-07-04 00:00:00,33.691783,-117.2713,1.0,B,Miscellaneous
346,2415,2013-07-07 00:00:00,37.2392,-121.86925,1.0,B,Missing/Undefined
347,2418,2013-07-04 00:00:00,35.7156,-120.581783,0.1,A,Missing/Undefined
348,2419,2013-07-04 00:00:00,33.931517,-117.265733,0.1,A,Missing/Undefined
349,2421,2013-07-20 00:00:00,40.169417,-122.161967,0.1,A,Miscellaneous
350,2424,2013-07-27 00:00:00,37.624533,-120.985383,0.1,A,Miscellaneous
351,2425,2013-07-04 00:00:00,38.8794,-123.14985,0.1,A,Miscellaneous
352,2426,2013-07-25 00:00:00,36.940983,-121.7725,0.1,A,Miscellaneous
353,2433,2013-07-06 00:00:00,41.085333,-120.898333,0.1,A,Miscellaneous
354,2434,2013-07-02 00:00:00,34.439383,-116.9449,0.1,A,Debris Burning
355,2435,2013-07-02 00:00:00,37.042567,-120.158967,0.1,A,Missing/Undefined
356,2436,2013-07-20 00:00:00,34.00715,-117.0372,0.1,A,Miscellaneous
357,2441,2013-07-02 00:00:00,39.680033,-122.531633,0.25,A,Missing/Undefined
358,2443,2013-07-11 00:00:00,38.16045,-120.87065,1.5,B,Miscellaneous
359,2444,2013-07-19 00:00:00,40.696883,-122.151983,1.4,B,Missing/Undefined
360,2446,2013-07-05 00:00:00,37.6399,-120.57135,1.3,B,Missing/Undefined
361,2447,2013-07-19 00:00:00,37.974183,-120.653817,1.3,B,Missing/Undefined
362,2451,2013-07-01 00:00:00,33.921683,-116.981317,1.0,B,Missing/Undefined
363,2454,2013-07-02 00:00:00,39.914233,-123.242867,0.5,B,Miscellaneous
364,2456,2013-07-02 00:00:00,37.055,-121.016117,0.5,B,Missing/Undefined
365,2457,2013-07-25 00:00:00,36.93425,-120.837933,0.5,B,Missing/Undefined
366,2458,2013-07-16 00:00:00,39.709767,-121.84165,0.1,A,Miscellaneous
367,2459,2013-07-11 00:00:00,33.013483,-116.90535,0.1,A,Missing/Undefined
368,2462,2013-07-05 00:00:00,40.077467,-122.2569,0.1,A,Miscellaneous
369,2464,2013-07-04 00:00:00,38.728817,-121.364633,0.1,A,Missing/Undefined
370,2468,2013-07-05 00:00:00,40.0877,-123.810717,0.1,A,Missing/Undefined
371,2470,2013-07-12 00:00:00,40.258733,-122.206133,1.0,B,Miscellaneous
372,2471,2013-07-22 00:00:00,39.31495,-121.276467,1.0,B,Miscellaneous
373,2475,2013-07-20 00:00:00,35.710783,-120.310467,0.5,B,Miscellaneous
374,2476,2013-07-04 00:00:00,41.925417,-122.57645,0.27,B,Miscellaneous
375,2477,2013-07-18 00:00:00,33.735433,-117.0802,0.05,A,Missing/Undefined
376,2480,2013-07-22 00:00:00,40.621833,-122.259833,2.3,B,Missing/Undefined
377,2481,2013-07-08 00:00:00,39.777667,-121.9051,0.1,A,Missing/Undefined
378,2488,2013-07-04 00:00:00,33.71275,-117.2408,0.1,A,Miscellaneous
379,2489,2013-07-05 00:00:00,38.413317,-122.973333,0.1,A,Miscellaneous
380,2490,2013-07-29 00:00:00,39.199033,-121.510867,0.1,A,Miscellaneous
381,2491,2013-07-31 00:00:00,39.713767,-121.71155,0.1,A,Missing/Undefined
382,2492,2013-07-29 00:00:00,37.30235,-120.651083,0.1,A,Missing/Undefined
383,2493,2013-07-06 00:00:00,35.756067,-120.896633,0.1,A,Miscellaneous
384,2494,2013-07-21 00:00:00,33.598233,-116.233367,0.1,A,Miscellaneous
385,2495,2013-07-13 00:00:00,36.905833,-121.820217,0.1,A,Missing/Undefined
386,2496,2013-07-08 00:00:00,36.3904,-118.9541,0.1,A,Miscellaneous
387,2500,2013-07-10 00:00:00,36.679367,-119.792667,0.1,A,Miscellaneous
388,2502,2013-07-14 00:00:00,39.181333,-121.54465,1.0,B,Missing/Undefined
389,2503,2013-07-05 00:00:00,33.926717,-116.9211,0.1,A,Missing/Undefined
390,2505,2013-07-04 00:00:00,39.525967,-121.469383,0.1,A,Miscellaneous
391,2507,2013-07-03 00:00:00,38.149467,-122.4518,0.1,A,Missing/Undefined
392,2508,2013-07-15 00:00:00,36.85985,-121.593367,0.1,A,Miscellaneous
393,2512,2013-07-27 00:00:00,38.7033,-120.86025,0.1,A,Miscellaneous
394,2514,2013-07-09 00:00:00,37.098817,-122.0573,0.1,A,Debris Burning
395,2515,2013-07-10 00:00:00,37.043933,-122.061117,0.1,A,Missing/Undefined
396,2516,2013-07-25 00:00:00,37.96415,-120.635867,0.1,A,Missing/Undefined
397,2517,2013-07-09 00:00:00,33.975266999999995,-117.098983,0.1,A,Miscellaneous
398,2518,2013-07-04 00:00:00,33.88982,-117.751819,0.1,A,Miscellaneous
399,2519,2013-07-03 00:00:00,41.288167,-121.562167,0.1,A,Miscellaneous
400,2520,2013-07-31 00:00:00,37.146567,-121.9871,0.1,A,Missing/Undefined
401,2525,2013-07-12 00:00:00,40.218867,-123.599117,7.0,B,Missing/Undefined
402,2527,2013-07-15 00:00:00,37.473,-122.414333,1.0,B,Missing/Undefined
403,2528,2013-07-28 00:00:00,39.840983,-121.8057,1.0,B,Missing/Undefined
404,2530,2013-07-31 00:00:00,36.865983,-120.381717,5.0,B,Miscellaneous
405,2531,2013-07-21 00:00:00,37.071717,-119.763433,100.0,D,Miscellaneous
406,2532,2013-07-08 00:00:00,39.19855,-121.29845,74.0,C,Missing/Undefined
407,2533,2013-07-25 00:00:00,37.017333,-122.062533,1.0,B,Missing/Undefined
408,2537,2013-07-22 00:00:00,38.816417,-120.864967,0.02,A,Miscellaneous
409,2546,2013-07-14 00:00:00,37.360667,-120.549417,0.1,A,Missing/Undefined
410,2547,2013-07-23 00:00:00,35.9096,-118.914483,0.1,A,Miscellaneous
411,2549,2013-07-12 00:00:00,38.17405,-122.522283,0.1,A,Miscellaneous
412,2554,2013-07-04 00:00:00,32.950167,-116.964,0.1,A,Missing/Undefined
413,2556,2013-07-20 00:00:00,33.416283,-117.15195,0.1,A,Miscellaneous
414,2557,2013-07-31 00:00:00,35.449983,-120.932583,0.1,A,Missing/Undefined
415,2561,2013-07-05 00:00:00,40.9645,-120.903,0.1,A,Miscellaneous
416,2562,2013-07-31 00:00:00,36.96945,-120.880517,0.1,A,Debris Burning
417,2563,2013-07-31 00:00:00,33.588183,-114.570317,0.1,A,Miscellaneous
418,2564,2013-07-06 00:00:00,37.058283,-119.921317,0.1,A,Miscellaneous
419,2566,2013-07-09 00:00:00,33.942367,-117.555783,0.1,A,Missing/Undefined
420,2568,2013-07-21 00:00:00,38.547933,-122.5126,0.1,A,Missing/Undefined
421,2569,2013-07-06 00:00:00,39.2486,-120.708883,0.1,A,Miscellaneous
422,2574,2013-07-29 00:00:00,36.150917,-120.3189,0.1,A,Missing/Undefined
423,2575,2013-07-30 00:00:00,34.4347,-117.554833,0.1,A,Missing/Undefined
424,2576,2013-07-23 00:00:00,39.370217,-123.388667,0.1,A,Miscellaneous
425,2577,2013-07-26 00:00:00,37.247883,-120.40775,0.1,A,Missing/Undefined
426,2581,2013-07-19 00:00:00,38.796283,-120.880183,0.1,A,Miscellaneous
427,2583,2013-07-05 00:00:00,41.775617,-124.18035,0.1,A,Miscellaneous
428,2587,2013-07-30 00:00:00,38.79765,-122.553133,1.0,B,Missing/Undefined
429,2588,2013-07-06 00:00:00,38.87945,-123.6489,1.0,B,Missing/Undefined
430,2589,2013-07-26 00:00:00,40.680883,-122.030783,1.0,B,Missing/Undefined
431,2591,2013-07-15 00:00:00,35.370067,-120.406317,1.0,B,Miscellaneous
432,2594,2013-07-19 00:00:00,36.9994,-120.033067,1.0,B,Missing/Undefined
433,2595,2013-07-01 00:00:00,37.419617,-120.6676,5.0,B,Missing/Undefined
434,2596,2013-07-03 00:00:00,39.9156,-123.57945,1.0,B,Miscellaneous
435,2598,2013-07-08 00:00:00,34.003617,-117.458017,1.0,B,Miscellaneous
436,2599,2013-07-27 00:00:00,33.755367,-117.283583,1.0,B,Missing/Undefined
437,2602,2013-07-25 00:00:00,33.99945,-117.020433,1.0,B,Missing/Undefined
438,2603,2013-07-22 00:00:00,35.571867,-120.698433,0.1,A,Missing/Undefined
439,2604,2013-07-18 00:00:00,39.845167,-121.587167,0.1,A,Debris Burning
440,2605,2013-07-08 00:00:00,41.654733,-122.556717,0.1,A,Missing/Undefined
441,2611,2013-07-26 00:00:00,38.929233,-121.087933,1.5,B,Missing/Undefined
442,2612,2013-07-09 00:00:00,33.932367,-117.555783,0.3,B,Missing/Undefined
443,2614,2013-07-27 00:00:00,39.34825,-121.7212,0.1,A,Debris Burning
444,2616,2013-07-08 00:00:00,40.820683,-123.955883,0.1,A,Missing/Undefined
445,2617,2013-07-05 00:00:00,36.859467,-121.363533,0.1,A,Missing/Undefined
446,2620,2013-07-06 00:00:00,40.1378,-121.953083,0.1,A,Missing/Undefined
447,2621,2013-07-09 00:00:00,37.32365,-118.39025,0.1,A,Missing/Undefined
448,2623,2013-07-19 00:00:00,39.896483,-123.751167,0.1,A,Miscellaneous
449,2625,2013-07-20 00:00:00,40.334317,-123.932683,0.1,A,Missing/Undefined
450,2628,2013-07-09 00:00:00,37.826433,-120.1905,0.1,A,Debris Burning
451,2629,2013-07-24 00:00:00,37.433717,-120.675467,0.1,A,Miscellaneous
452,2631,2013-07-28 00:00:00,38.221583,-120.490283,0.1,A,Miscellaneous
453,2632,2013-07-15 00:00:00,37.403833,-120.6496,0.1,A,Missing/Undefined
454,2634,2013-07-01 00:00:00,34.2089,-117.477267,0.1,A,Miscellaneous
455,2637,2013-07-08 00:00:00,37.600833,-121.872833,0.1,A,Missing/Undefined
456,2639,2013-07-04 00:00:00,38.84493300000001,-121.101167,1.0,B,Miscellaneous
457,2640,2013-07-12 00:00:00,36.985517,-119.971283,1.0,B,Debris Burning
458,2641,2013-07-04 00:00:00,39.143483,-121.583133,1.0,B,Missing/Undefined
459,2646,2013-07-16 00:00:00,36.632533,-120.3882,1.0,B,Missing/Undefined
460,2648,2013-07-03 00:00:00,39.34475,-121.65995,1.0,B,Miscellaneous
461,2650,2013-07-21 00:00:00,35.50945,-120.4868,1.0,B,Miscellaneous
462,2652,2013-07-17 00:00:00,32.647983,-116.494083,1.0,B,Missing/Undefined
463,2653,2013-07-26 00:00:00,35.53908300000001,-120.610833,1.0,B,Missing/Undefined
464,2655,2013-07-30 00:00:00,37.157,-120.348117,1.0,B,Missing/Undefined
465,2658,2013-07-21 00:00:00,37.719167,-121.536,1.0,B,Missing/Undefined
466,2660,2013-07-31 00:00:00,36.925917,-121.80215,1.0,B,Missing/Undefined
467,2662,2013-07-17 00:00:00,37.918367,-120.45255,1.0,B,Missing/Undefined
468,2663,2013-07-17 00:00:00,38.211833,-120.764467,0.25,A,Missing/Undefined
469,2665,2013-07-02 00:00:00,36.456567,-121.374283,0.25,A,Miscellaneous
470,2666,2013-07-10 00:00:00,40.730267,-122.318633,0.1,A,Miscellaneous
471,2670,2013-07-31 00:00:00,39.033483,-121.073217,0.02,A,Miscellaneous
472,2673,2013-07-04 00:00:00,36.94345,-121.788717,0.1,A,Miscellaneous
473,2676,2013-07-05 00:00:00,33.923533,-116.687383,0.1,A,Missing/Undefined
474,2678,2013-07-19 00:00:00,33.0658,-116.7596,0.1,A,Miscellaneous
475,2682,2013-07-11 00:00:00,37.29825,-122.07605,0.1,A,Miscellaneous
476,2683,2013-07-06 00:00:00,37.701217,-122.4495,0.1,A,Missing/Undefined
477,2685,2013-07-04 00:00:00,40.01655,-123.951917,0.1,A,Missing/Undefined
478,2687,2013-07-05 00:00:00,39.8904,-122.173867,0.1,A,Miscellaneous
479,2688,2013-07-26 00:00:00,39.37213300000001,-121.706667,0.1,A,Missing/Undefined
480,2689,2013-07-07 00:00:00,35.869433,-120.827533,0.1,A,Missing/Undefined
481,2694,2013-07-17 00:00:00,37.073717,-121.024367,1.0,B,Missing/Undefined
482,2697,2013-07-25 00:00:00,40.3876,-120.9805,0.1,A,Miscellaneous
483,2698,2013-07-13 00:00:00,39.2435,-123.135083,0.1,A,Missing/Undefined
484,2699,2013-07-12 00:00:00,34.304717,-117.3125,0.1,A,Debris Burning
485,2700,2013-07-09 00:00:00,38.514417,-122.09415,0.1,A,Debris Burning
486,2704,2013-07-10 00:00:00,37.02255,-120.076217,0.1,A,Miscellaneous
487,2707,2013-07-01 00:00:00,33.209967,-117.028933,0.1,A,Missing/Undefined
488,2708,2013-07-27 00:00:00,40.19345,-122.162333,1.0,B,Miscellaneous
489,2710,2013-07-05 00:00:00,39.321983,-123.129217,1.0,B,Miscellaneous
490,2712,2013-07-29 00:00:00,36.927,-121.8035,1.0,B,Miscellaneous
491,2717,2013-07-11 00:00:00,38.717883,-122.92325,1.0,B,Missing/Undefined
492,2719,2013-07-27 00:00:00,39.656717,-121.5916,1.0,B,Miscellaneous
493,2721,2013-07-13 00:00:00,35.657967,-120.373717,1.0,B,Missing/Undefined
494,2723,2013-07-04 00:00:00,40.9082,-124.025833,1.0,B,Miscellaneous
495,2727,2013-07-04 00:00:00,36.02558300000001,-118.9107,0.2,A,Missing/Undefined
496,2729,2013-07-16 00:00:00,37.809067,-120.665383,0.15,A,Missing/Undefined
497,2731,2013-07-13 00:00:00,37.033617,-119.9986,0.1,A,Missing/Undefined
498,2737,2013-07-09 00:00:00,38.189533,-120.61215,0.25,A,Missing/Undefined
499,2740,2013-07-03 00:00:00,33.718017,-116.19165,0.12,A,Miscellaneous
500,2742,2013-07-18 00:00:00,38.112733,-120.51365,0.11,A,Missing/Undefined
501,2744,2013-07-26 00:00:00,40.393217,-120.652733,0.1,A,Miscellaneous
502,2747,2013-07-15 00:00:00,39.66365,-121.533933,0.1,A,Missing/Undefined
503,2749,2013-07-06 00:00:00,37.127283,-120.3109,0.1,A,Missing/Undefined
504,2750,2013-07-18 00:00:00,38.7009,-120.617417,0.1,A,Miscellaneous
505,2752,2013-07-31 00:00:00,33.918983000000004,-116.77115,0.1,A,Missing/Undefined
506,2754,2013-07-30 00:00:00,37.962567,-120.632933,0.25,A,Missing/Undefined
507,2755,2013-07-14 00:00:00,38.236144,-121.051033,0.25,A,Missing/Undefined
508,2758,2013-07-22 00:00:00,39.14973300000001,-121.598417,0.25,A,Missing/Undefined
509,2761,2013-07-15 00:00:00,37.027633,-120.899317,0.25,A,Missing/Undefined
510,2770,2013-07-03 00:00:00,41.406517,-122.7503,0.1,A,Miscellaneous
511,2771,2013-07-07 00:00:00,38.177767,-122.285667,0.1,A,Missing/Undefined
512,2773,2013-07-01 00:00:00,37.911167,-121.7345,235.0,D,Missing/Undefined
513,2774,2013-07-16 00:00:00,33.99265,-117.153767,150.0,D,Missing/Undefined
514,2775,2013-07-12 00:00:00,37.444167,-121.194833,127.0,D,Missing/Undefined
515,2776,2013-07-03 00:00:00,36.457317,-121.053917,95.0,C,Miscellaneous
516,2779,2013-07-31 00:00:00,37.365083,-121.76385,1.0,B,Missing/Undefined
517,2780,2013-07-04 00:00:00,36.181367,-120.0852,62.0,C,Miscellaneous
518,2781,2013-07-22 00:00:00,37.9735,-120.701733,31.0,C,Miscellaneous
519,2782,2013-07-28 00:00:00,41.04655,-124.123233,1.0,B,Miscellaneous
520,2783,2013-07-20 00:00:00,38.912917,-122.765667,1.0,B,Miscellaneous
521,2784,2013-07-30 00:00:00,37.112933,-120.47345,1.0,B,Miscellaneous
522,2787,2013-07-21 00:00:00,40.811433,-124.023583,1.0,B,Missing/Undefined
523,2788,2013-07-13 00:00:00,37.839183,-120.863483,1.0,B,Miscellaneous
524,2789,2013-07-05 00:00:00,36.281867,-120.300733,1.0,B,Missing/Undefined
525,2792,2013-07-28 00:00:00,32.612867,-116.706267,36.0,C,Miscellaneous
526,2793,2013-07-21 00:00:00,37.148167,-121.998683,1.0,B,Missing/Undefined
527,2799,2013-07-25 00:00:00,41.885883,-122.552633,0.1,A,Miscellaneous
528,2801,2013-07-27 00:00:00,39.2494,-120.754383,0.25,A,Miscellaneous
529,2802,2013-07-02 00:00:00,39.0211,-121.09965,0.2,A,Missing/Undefined
530,2804,2013-07-30 00:00:00,37.991867,-120.241833,0.1,A,Miscellaneous
531,2807,2013-07-06 00:00:00,40.730933,-122.320067,1.3,B,Missing/Undefined
532,2809,2013-07-02 00:00:00,37.389483,-120.686233,0.1,A,Miscellaneous
533,2813,2013-07-02 00:00:00,40.5619,-122.247217,0.1,A,Missing/Undefined
534,2815,2013-07-29 00:00:00,37.8068,-120.717117,0.25,A,Miscellaneous
535,2816,2013-07-22 00:00:00,39.1596,-120.9991,0.25,A,Missing/Undefined
536,2819,2013-07-15 00:00:00,36.986283,-120.926933,0.1,A,Missing/Undefined
537,2820,2013-07-02 00:00:00,40.977833,-120.953833,0.1,A,Miscellaneous
538,2821,2013-07-14 00:00:00,38.66875,-120.929883,0.1,A,Miscellaneous
539,2823,2013-07-23 00:00:00,33.629089,-117.681843,0.1,A,Missing/Undefined
540,2824,2013-07-06 00:00:00,32.75,-116.987333,0.1,A,Missing/Undefined
541,2827,2013-07-20 00:00:00,38.489667,-123.0055,0.1,A,Miscellaneous
542,2828,2013-07-12 00:00:00,37.04743300000001,-120.146917,0.1,A,Miscellaneous
543,2829,2013-07-03 00:00:00,40.0517,-122.1562,0.1,A,Missing/Undefined
544,2831,2013-07-27 00:00:00,37.6121,-121.819883,0.1,A,Miscellaneous
545,2835,2013-07-31 00:00:00,38.246567,-120.382667,0.1,A,Missing/Undefined
546,2838,2013-07-23 00:00:00,38.97855,-123.06475,46.0,C,Missing/Undefined
547,2839,2013-07-12 00:00:00,39.169067,-121.4391,37.0,C,Miscellaneous
548,2840,2013-07-24 00:00:00,38.520983,-121.201933,36.9,C,Missing/Undefined
549,2841,2013-07-02 00:00:00,38.67155,-122.444667,1.0,B,Missing/Undefined
550,2846,2013-07-29 00:00:00,37.349683,-120.555417,1.0,B,Missing/Undefined
551,2847,2013-07-08 00:00:00,39.3751,-121.706667,1.0,B,Missing/Undefined
552,2850,2013-07-08 00:00:00,39.343783,-121.12125,1.0,B,Missing/Undefined
553,2851,2013-07-09 00:00:00,36.873767,-119.67975,1.0,B,Missing/Undefined
554,2853,2013-07-07 00:00:00,39.907117,-122.2435,7.0,B,Miscellaneous
555,2857,2013-07-08 00:00:00,36.40495,-120.368917,1.0,B,Debris Burning
556,2860,2013-07-09 00:00:00,40.6464,-122.5642,1.0,B,Missing/Undefined
557,2862,2013-07-28 00:00:00,38.88795,-122.66585,1.0,B,Missing/Undefined
558,2865,2013-07-11 00:00:00,39.204483,-121.2528,1.0,B,Miscellaneous
559,2866,2013-07-06 00:00:00,36.408383,-118.9877,1.0,B,Missing/Undefined
560,2868,2013-07-08 00:00:00,33.957,-117.230883,1.0,B,Missing/Undefined
561,2870,2013-07-02 00:00:00,34.172233,-117.5757,0.1,A,Miscellaneous
562,2871,2013-07-06 00:00:00,37.95368300000001,-121.950917,0.1,A,Missing/Undefined
563,2872,2013-07-02 00:00:00,41.755467,-121.963983,1.0,B,Miscellaneous
564,2873,2013-07-15 00:00:00,37.137767,-122.142333,1.0,B,Missing/Undefined
565,2874,2013-07-04 00:00:00,33.725406,-117.889541,1.0,B,Miscellaneous
566,2875,2013-07-09 00:00:00,34.439917,-119.631816,1.0,B,Miscellaneous
567,2877,2013-07-02 00:00:00,37.409017,-120.751917,0.1,A,Missing/Undefined
568,2881,2013-07-04 00:00:00,37.736883,-121.602167,66.0,C,Miscellaneous
569,2882,2013-07-05 00:00:00,36.986683,-120.0287,1.0,B,Debris Burning
570,2884,2013-07-18 00:00:00,37.944183,-120.609383,0.1,A,Missing/Undefined
571,2888,2013-07-18 00:00:00,37.324483,-120.531417,0.1,A,Miscellaneous
572,2890,2013-07-27 00:00:00,40.408817,-120.881317,0.25,A,Miscellaneous
573,2893,2013-07-13 00:00:00,39.4071,-123.373617,0.25,A,Missing/Undefined
574,2894,2013-07-15 00:00:00,35.734133,-120.28615,0.25,A,Miscellaneous
575,2895,2013-07-01 00:00:00,33.816417,-116.38625,0.25,A,Missing/Undefined
576,2897,2013-07-25 00:00:00,32.62585,-116.61175,0.25,A,Missing/Undefined
577,2898,2013-07-12 00:00:00,37.054417,-120.074483,0.25,A,Missing/Undefined
578,2900,2013-07-04 00:00:00,34.119833,-117.24365,0.25,A,Missing/Undefined
579,2905,2013-07-27 00:00:00,36.151667,-120.2833,1.0,B,Missing/Undefined
580,2907,2013-07-04 00:00:00,39.6525,-123.151167,1.0,B,Miscellaneous
581,2909,2013-07-09 00:00:00,36.937333,-121.79785,0.1,A,Debris Burning
582,2914,2013-07-19 00:00:00,40.7027,-122.84985,0.1,A,Miscellaneous
583,2915,2013-07-04 00:00:00,37.382633,-120.60445,0.1,A,Missing/Undefined
584,2917,2013-07-04 00:00:00,37.58395,-122.508967,0.1,A,Missing/Undefined
585,2920,2013-07-25 00:00:00,39.393167,-123.245833,1.0,B,Miscellaneous
586,2922,2013-07-15 00:00:00,40.554267,-124.060833,1.0,B,Missing/Undefined
587,2923,2013-07-27 00:00:00,37.115317,-119.866617,1.0,B,Miscellaneous
588,2924,2013-07-26 00:00:00,38.971667,-121.038333,1.0,B,Miscellaneous
589,2925,2013-07-13 00:00:00,33.63255,-117.334317,1.0,B,Debris Burning
590,2926,2013-07-02 00:00:00,37.011017,-121.504333,1.0,B,Missing/Undefined
591,2933,2013-07-18 00:00:00,37.8148,-120.656483,9.0,B,Missing/Undefined
592,2934,2013-07-10 00:00:00,37.462867,-119.750517,1.0,B,Debris Burning
593,2935,2013-07-12 00:00:00,36.663533,-119.376267,1.0,B,Missing/Undefined
594,2937,2013-07-03 00:00:00,33.6539,-117.292583,0.1,A,Missing/Undefined
595,2939,2013-07-22 00:00:00,38.582633,-120.737983,0.1,A,Miscellaneous
596,2941,2013-07-12 00:00:00,39.4335,-121.60505,15.0,C,Miscellaneous
597,2944,2013-07-17 00:00:00,37.983783,-120.314033,1.0,B,Missing/Undefined
598,2947,2013-07-14 00:00:00,38.450833,-120.484533,0.1,A,Missing/Undefined
599,2948,2013-07-09 00:00:00,34.114017,-117.23705,0.1,A,Missing/Undefined
600,2952,2013-07-28 00:00:00,36.265983,-120.381717,10.0,C,Missing/Undefined
601,2955,2013-07-01 00:00:00,39.92365,-121.732333,0.25,A,Miscellaneous
602,2958,2013-07-10 00:00:00,37.3968,-120.714433,0.25,A,Miscellaneous
603,2959,2013-07-05 00:00:00,33.771011,-117.867373,0.05,A,Miscellaneous
604,2960,2013-07-04 00:00:00,33.733626,-117.852309,0.05,A,Miscellaneous
605,2962,2013-07-25 00:00:00,33.96065,-117.25275,0.05,A,Missing/Undefined
606,2963,2013-07-08 00:00:00,36.645733,-119.736833,0.03,A,Miscellaneous
607,2965,2013-07-25 00:00:00,38.36755,-122.304583,0.03,A,Miscellaneous
608,2968,2013-07-15 00:00:00,36.978333,-121.866667,0.02,A,Missing/Undefined
609,2971,2013-07-22 00:00:00,38.8603,-122.7106,0.02,A,Missing/Undefined
610,2973,2013-07-18 00:00:00,39.102833,-121.0985,0.02,A,Miscellaneous
611,3028,2013-07-04 00:00:00,40.038933,-124.079083,2.0,B,Miscellaneous
612,3031,2013-07-08 00:00:00,36.766267,-119.582567,2.0,B,Miscellaneous
613,3035,2013-07-08 00:00:00,36.807067,-121.520433,1.7,B,Miscellaneous
614,3036,2013-07-19 00:00:00,37.855917,-120.369867,1.66,B,Miscellaneous
615,3037,2013-07-25 00:00:00,40.427033,-122.170917,1.6,B,Miscellaneous
616,3038,2013-07-16 00:00:00,33.888233,-117.363867,0.5,B,Miscellaneous
617,3039,2013-07-14 00:00:00,39.149633,-121.599617,0.5,B,Missing/Undefined
618,3040,2013-07-04 00:00:00,37.0411,-120.85385,0.5,B,Missing/Undefined
619,3042,2013-07-01 00:00:00,35.172367,-120.718483,0.5,B,Miscellaneous
620,3043,2013-07-10 00:00:00,39.131383,-122.907767,0.5,B,Missing/Undefined
621,3851,2013-07-04 00:00:00,37.743333,-121.563833,20.0,C,Miscellaneous
622,4024,2013-07-12 00:00:00,39.347617,-121.3309,2.0,B,Missing/Undefined
623,4025,2013-07-26 00:00:00,38.833317,-122.212867,2.0,B,Miscellaneous
624,4029,2013-07-25 00:00:00,33.4958,-117.052383,2.0,B,Missing/Undefined
625,4958,2013-07-24 00:00:00,35.64774,-120.729445,0.05,A,Miscellaneous
626,4973,2013-07-25 00:00:00,38.04125300000001,-121.988022,120.0,D,Missing/Undefined
627,4978,2013-07-01 00:00:00,37.970333,-121.921833,492.0,E,Miscellaneous
628,4989,2013-07-01 00:00:00,39.120458,-122.291301,5.0,B,Missing/Undefined
629,4993,2013-07-12 00:00:00,38.970198,-121.274661,1.0,B,Missing/Undefined
630,4998,2013-07-09 00:00:00,40.81889,-124.18528,1.0,B,Missing/Undefined
631,4999,2013-07-28 00:00:00,36.8586,-120.381828,10.0,C,Missing/Undefined
632,5001,2013-07-23 00:00:00,39.109571,-121.041537,4.0,B,Missing/Undefined
633,5003,2013-07-16 00:00:00,35.292033,-120.689916,1.0,B,Miscellaneous
634,5004,2013-07-26 00:00:00,38.693622,-120.818966,0.1,A,Miscellaneous
635,5022,2013-07-06 00:00:00,35.61666599999999,-119.966666,0.01,A,Missing/Undefined
636,5027,2013-07-21 00:00:00,37.69633036,-120.9049101,0.02,A,Missing/Undefined
637,5040,2013-07-26 00:00:00,35.166666,-118.533333,1.0,B,Missing/Undefined
638,5044,2013-07-04 00:00:00,33.238737,-116.768887,0.5,B,Miscellaneous
639,5053,2013-07-08 00:00:00,34.933333000000005,-118.183333,0.12,A,Miscellaneous
640,5057,2013-07-07 00:00:00,38.50900279,-122.9290138,0.01,A,Miscellaneous
641,5058,2013-07-13 00:00:00,38.413209,-120.693875,0.25,A,Miscellaneous
642,5059,2013-07-25 00:00:00,37.721949,-121.526298,3.0,B,Missing/Undefined
643,5062,2013-07-08 00:00:00,38.407815,-120.915861,0.1,A,Miscellaneous
644,5064,2013-07-28 00:00:00,34.766666,-120.266666,0.25,A,Missing/Undefined
645,5065,2013-07-30 00:00:00,40.65124,-122.93987,0.1,A,Missing/Undefined
646,5067,2013-07-16 00:00:00,38.216666,-122.933333,0.25,A,Missing/Undefined
647,5071,2013-07-05 00:00:00,38.494695,-122.027617,0.08,A,Missing/Undefined
648,5079,2013-07-27 00:00:00,37.596383,-121.9193,0.25,A,Missing/Undefined
649,5080,2013-07-24 00:00:00,37.948195,-121.98386200000002,2.0,B,Miscellaneous
650,5088,2013-07-05 00:00:00,37.63850395,-120.76708899999998,0.01,A,Missing/Undefined
651,5090,2013-07-09 00:00:00,39.368976,-121.53975,0.1,A,Miscellaneous
652,5092,2013-07-21 00:00:00,38.400584,-120.680172,0.1,A,Miscellaneous
653,5104,2013-07-27 00:00:00,38.796441,-123.035512,5.0,B,Miscellaneous
654,5111,2013-07-29 00:00:00,35.466666,-119.75,0.01,A,Miscellaneous
655,5113,2013-07-23 00:00:00,39.229367,-121.100968,0.03,A,Missing/Undefined
656,5117,2013-07-15 00:00:00,35.189397,-120.558307,0.1,A,Miscellaneous
657,5127,2013-07-04 00:00:00,35.666666,-119.033333,0.2,A,Missing/Undefined
658,5132,2013-07-09 00:00:00,37.942562,-121.936562,1.0,B,Missing/Undefined
659,5140,2013-07-04 00:00:00,38.544167,-123.0939,3.8,B,Miscellaneous
660,5145,2013-07-24 00:00:00,37.8035,-121.9231,0.1,A,Missing/Undefined
661,5150,2013-07-05 00:00:00,38.464121,-121.043423,4.6,B,Miscellaneous
662,5155,2013-07-21 00:00:00,40.01722,-123.79167,1.0,B,Missing/Undefined
663,5159,2013-07-20 00:00:00,39.607447,-121.442323,0.25,A,Missing/Undefined
664,5162,2013-07-27 00:00:00,35.38661,-120.1656,0.02,A,Missing/Undefined
665,5169,2013-07-26 00:00:00,38.32800200000001,-122.449327,1.0,B,Missing/Undefined
666,5171,2013-07-14 00:00:00,37.76492,-121.888254,16.0,C,Missing/Undefined
667,5175,2013-07-14 00:00:00,37.236333,-121.858667,2.0,B,Miscellaneous
668,5190,2013-07-19 00:00:00,38.636035,-120.529101,0.1,A,Missing/Undefined
669,5198,2013-07-31 00:00:00,37.633451,-121.54184,8.0,B,Missing/Undefined
670,5201,2013-07-26 00:00:00,37.07999813,-122.0843169,0.01,A,Miscellaneous
671,5202,2013-07-22 00:00:00,38.083333,-122.683333,5.0,B,Missing/Undefined
672,5203,2013-07-26 00:00:00,41.893333,-122.643333,0.6,B,Miscellaneous
673,5214,2013-07-28 00:00:00,37.662728,-120.473356,0.13,A,Miscellaneous
674,5227,2013-07-14 00:00:00,35.317062,-120.621376,7.0,B,Miscellaneous
675,5230,2013-07-07 00:00:00,38.115902,-122.107584,5.0,B,Missing/Undefined
676,5232,2013-07-13 00:00:00,33.01757,-116.902938,64.0,C,Missing/Undefined
677,5235,2013-07-05 00:00:00,38.41231654,-121.034943,3.0,B,Missing/Undefined
678,5236,2013-07-16 00:00:00,39.2384,-120.016317,1.0,B,Missing/Undefined
679,5240,2013-07-05 00:00:00,33.983333,-118.05,0.25,A,Miscellaneous
680,5268,2013-07-06 00:00:00,33.125465000000005,-117.015907,5.0,B,Missing/Undefined
681,5276,2013-07-05 00:00:00,37.7261159,-120.9219523,0.01,A,Miscellaneous
682,5278,2013-07-24 00:00:00,32.716831,-116.8759,0.1,A,Missing/Undefined
683,5280,2013-07-20 00:00:00,34.05,-118.066666,0.12,A,Missing/Undefined
684,5285,2013-07-11 00:00:00,39.71612800000001,-121.521125,1.0,B,Miscellaneous
685,5289,2013-07-09 00:00:00,35.61666599999999,-118.9,193.0,D,Missing/Undefined
686,5295,2013-07-10 00:00:00,38.890298,-121.279194,3.0,B,Debris Burning
687,5300,2013-07-02 00:00:00,35.68333300000001,-118.3,0.1,A,Missing/Undefined
688,5302,2013-07-12 00:00:00,39.224182,-121.464028,0.1,A,Missing/Undefined
689,5306,2013-07-14 00:00:00,38.664551,-120.966507,0.99,B,Missing/Undefined
690,5309,2013-07-19 00:00:00,40.69,-122.751667,1.0,B,Miscellaneous
691,5320,2013-07-06 00:00:00,40.206603,-121.01596,0.1,A,Missing/Undefined
692,5322,2013-07-09 00:00:00,37.95323,-121.9515,0.1,A,Missing/Undefined
693,5325,2013-07-16 00:00:00,36.9265,-121.5445,17.0,C,Miscellaneous
694,5331,2013-07-02 00:00:00,34.41631426,-118.9331382,0.1,A,Miscellaneous
695,5338,2013-07-21 00:00:00,37.088907,-121.599211,1.0,B,Missing/Undefined
696,5357,2013-07-15 00:00:00,37.367038,-119.630439,1.5,B,Miscellaneous
697,5360,2013-07-04 00:00:00,37.73293276,-120.9268176,0.2,A,Missing/Undefined
698,5361,2013-07-28 00:00:00,34.19941578,-118.6783603,1.0,B,Missing/Undefined
699,5364,2013-07-31 00:00:00,34.666666,-118.95,0.11,A,Missing/Undefined
700,5366,2013-07-26 00:00:00,38.013996,-121.919591,3.0,B,Missing/Undefined
701,5367,2013-07-07 00:00:00,34.304722,-117.3125,0.1,A,Miscellaneous
702,5379,2013-07-25 00:00:00,37.86828982,-122.5104335,0.01,A,Missing/Undefined
703,5391,2013-07-28 00:00:00,36.574883,-118.046383,0.2,A,Miscellaneous
704,5394,2013-07-30 00:00:00,35.01668333,-118.01668329999998,0.1,A,Missing/Undefined
705,5395,2013-07-27 00:00:00,37.08890142,-122.0897218,0.05,A,Missing/Undefined
706,5396,2013-07-23 00:00:00,34.8641407,-120.4472365,0.15,A,Missing/Undefined
707,5403,2013-07-30 00:00:00,34.733333,-120.383333,0.25,A,Missing/Undefined
708,5409,2013-07-04 00:00:00,41.806588,-124.18443899999998,1.0,B,Missing/Undefined
